01_Posttype	02_by_Andersen	03_genre	04_main_title	04b_incipit	05_original_title	06_creator	06b_creator_is_human	07_opus	08_part_of	09_Krydshenvisning_til	10_Note	RegistryTitelID
standardpost	False	VocalAndInstrumentalMusic	Agnetes Vuggevise		Agnete og Havfruerne	N. W. Gade	True					Reg000172
standardpost	False	VocalAndInstrumentalMusic		Alt farer hen som Vinden		C. F. E. Horneman	True					Reg003595
standardpost	False	VocalAndInstrumentalMusic	Den ambrosianske Lovsang			C. E. F. Weyse	True					Reg000686
standardpost	False	VocalAndInstrumentalMusic	An den Sonnenschein			R. Schumann	True					Reg000223
standardpost	False	VocalAndInstrumentalMusic	Annen-Polka	N° 3		Johann Strauss d. Æ.	True					Reg000234
standardpost	False	VocalAndInstrumentalMusic		At kjøre Vatten og kjøre Veed		norsk Folkevise	False					Reg003596
standardpost	False	VocalAndInstrumentalMusic	Billeder til Den lille Havfrue, Eventyr af H. C. Andersen, componerede for Piano og Digteren med Høiagtelse tilegnede			Axel Grandjean	True	op. 3				Reg000360
standardpost	False	VocalAndInstrumentalMusic	Børnenes Juul			N. W. Gade	True	op. 36				Reg000428
standardpost	False	VocalAndInstrumentalMusic	Børnenes Musik			S. A. E. Hagen	True					Reg000429
standardpost	False	VocalAndInstrumentalMusic	Cantate ved Frederik den Syvendes Bisættelse			J. P. E. Hartmann	True	op. 64b				Reg000444
standardpost	False	VocalAndInstrumentalMusic	Cantate til Fru Dorothea Melchior den 16. Februar 1871			J. A. Hägg	True					Reg000441
standardpost	False	VocalAndInstrumentalMusic	Cantate ved Indvielsen af Studenterforeningsbygningen			J. P. E. Hartmann	True	op. 64a				Reg000446
standardpost	False	VocalAndInstrumentalMusic	Carneval de Venise									Reg000457
standardpost	False	VocalAndInstrumentalMusic	Le Chant des Titans		Canto dei Titani	G. Rossini	True					Reg002060
standardpost	False	VocalAndInstrumentalMusic	Comala, dramatisk Digt efter Ossian			N. W. Gade	True	op. 12				Reg000537
standardpost	False	VocalAndInstrumentalMusic		Danmark deiligst Vang og Vænge -		Poul Rasmussen	True					Reg003601
standardpost	False	VocalAndInstrumentalMusic		Danmark, mit Fædreland!		H. Rung	True					Reg003602
standardpost	False	VocalAndInstrumentalMusic		Dannevang ved grønne Bred -		C. E. F. Weyse	True					Reg003604
standardpost	False	VocalAndInstrumentalMusic		Den danske Bonde bad -		J. P. E. Hartmann	True		af: Sørge-Cantate over Høisalig Kong Frederik den Sjette, op. 27			Reg003612
standardpost	False	VocalAndInstrumentalMusic		Der er et yndigt Land -		H. E. Krøyer	True					Reg003615
standardpost	False	VocalAndInstrumentalMusic		Det gamle Træ, o lad det staa!					Sang af »Hyldemoer«			Reg003617
standardpost	False	VocalAndInstrumentalMusic	Dronning Dagmar, Folkevise-Fantasi for Orgel			H. Matthison-Hansen	True					Reg000996
standardpost	False	VocalAndInstrumentalMusic	Dryadens Bryllup			J. P. E. Hartmann	True	op. 60				Reg001004
standardpost	False	VocalAndInstrumentalMusic	Drømmebilleder			H. C. Lumbye	True					Reg001006
standardpost	False	VocalAndInstrumentalMusic		Du, du liegst mir im Herzen!		tysk Folkevise	False					Reg003620
standardpost	False	VocalAndInstrumentalMusic	Efterklange af Ossian			N. W. Gade	True	op. 1				Reg001016
standardpost	False	VocalAndInstrumentalMusic	Elverskud, Ballade efter danske Folkesagn			N. W. Gade	True	op. 30				Reg001058
standardpost	False	VocalAndInstrumentalMusic		Erindrer De, det var i Kongens Have -	T'en souviens-tu? disait un capitaine	Doche	True					Reg003623
standardpost	False	VocalAndInstrumentalMusic	Erlkönig			Fr. Schubert	True					Reg001183
standardpost	False	VocalAndInstrumentalMusic	Farvel			C. J. Hansen	True					Reg001255
standardpost	False	VocalAndInstrumentalMusic		Flyv, Fugl! Flyv -		J. P. E. Hartmann	True					Reg003627
standardpost	False	VocalAndInstrumentalMusic	Foraarssang, for blandet Chor og Orchester			J. P. E. Hartmann	True	op. 70				Reg001325
standardpost	False	VocalAndInstrumentalMusic		Freudvoll und leidvoll -							Hvilken Komposition Fru Nissen-Saloman har sunget til Goethes Digt, kan ikke afgøres	Reg003628
standardpost	False	VocalAndInstrumentalMusic		Fryd Dig ved Livet -		H. A. Nägeli	True					Reg003629
standardpost	False	VocalAndInstrumentalMusic	Gefion, Ballade for Baryton, Kor og Orkester			N. W. Gade	True	op. 54				Reg001434
standardpost	False	VocalAndInstrumentalMusic	Galopader for Pianoforte			J. H. Lorck	True					Reg001413
krydshenvisning	False	VocalAndInstrumentalMusic	Giganternes Kamp							Chant des Titans		Reg001450
standardpost	False	VocalAndInstrumentalMusic	Gluntarne			Gunnar Wennerberg	True					Reg001464
standardpost	False	VocalAndInstrumentalMusic		God save the Queen		H. Carey?	True					Reg003631
standardpost	False	VocalAndInstrumentalMusic	Gruss in Holland			Samuel De Lange	True					Reg001493
standardpost	False	VocalAndInstrumentalMusic	Gurre			H. Rung	True					Reg001507
standardpost	False	VocalAndInstrumentalMusic	Hamlet, Concert-Ouverture			N. W. Gade	True	op. 37				Reg001525
standardpost	False	VocalAndInstrumentalMusic	Hjertets Melodier			E. Grieg	True	op. 5				Reg001613
standardpost	False	VocalAndInstrumentalMusic	Holmens faste Stok			E. Horneman	True					Reg001627
standardpost	False	VocalAndInstrumentalMusic		Hr. Peder kasted Runer over Spange -		H. Rung	True					Reg003636
standardpost	False	VocalAndInstrumentalMusic		Hyrden græsser sine Faar -		C. E. F. Weyse	True		af: Festen paa KenilPagth			Reg003641
standardpost	False	VocalAndInstrumentalMusic	I Høilandene		Im Hochland	N. W. Gade	True	op. 7				Reg001685
standardpost	False	VocalAndInstrumentalMusic	I Nød og Fare			C. J. Hansen	True					Reg001692
standardpost	False	VocalAndInstrumentalMusic	I Provence			J. P. E. Hartmann	True	op. 68				Reg001694
standardpost	False	VocalAndInstrumentalMusic		Ich muss nun einmal singen -		Wilhelm Taubert	True					Reg003644
standardpost	False	VocalAndInstrumentalMusic		In Berlin, sagt er -		Die Wiener in Berlin	True					Reg003645
standardpost	False	VocalAndInstrumentalMusic		Jag vet ej, hvarför jag sjunger -		Wilhelm Taubert	True					Reg003646
standardpost	False	VocalAndInstrumentalMusic	Die Jahreszeiten			Jos. Haydn	True					Reg000884
standardpost	False	VocalAndInstrumentalMusic	Jubel-Ouverture			Carl Maria Von Weber	True					Reg001830
standardpost	False	VocalAndInstrumentalMusic	Jylland	Jylland mellem tvende Have -		P. Heise	True					Reg001857
standardpost	False	VocalAndInstrumentalMusic	Kalanus			N. W. Gade	True	op. 48				Reg001867
standardpost	False	VocalAndInstrumentalMusic	Kantate ved Hr. Moritz Melchiors og Fru Dorothea Melchiors Sølvbryllup den 17de Juni 1871			J. A. Hägg	True					Reg001873
standardpost	False	VocalAndInstrumentalMusic		Kennst Du das Land -		J. F. Reichardt	True					Reg003649
standardpost	False	VocalAndInstrumentalMusic	Klaverkoncert, a-mol			August Winding	True	op. 12				Reg001906
standardpost	False	VocalAndInstrumentalMusic	[Klaver-Trio]			Th. B. Sick	True					Reg003547
standardpost	False	VocalAndInstrumentalMusic		Kong Christian stod ved høien Mast -								Reg003650
standardpost	False	VocalAndInstrumentalMusic	Korsfarerne			N. W. Gade	True	op. 58				Reg001939
standardpost	False	VocalAndInstrumentalMusic	Krigen derovre	Det var ved Paasketide -		N. P. Hillebrandt	True					Reg001945
standardpost	False	VocalAndInstrumentalMusic		La donna è mobile					af: Rigoletto, G. Verdi			Reg003652
standardpost	False	VocalAndInstrumentalMusic	The Last Rose of Summer			irsk Folkevise	False					Reg003214
standardpost	False	VocalAndInstrumentalMusic	Leonore-Ouverture Nr. 3			L. van Beethoven	True	op. 72a				Reg002108
standardpost	False	VocalAndInstrumentalMusic	Lieder ohne Pagte			F. Mendelssohn-Bartholdy	True					Reg002148
standardpost	False	VocalAndInstrumentalMusic		Lott ist todt								Reg003655
standardpost	False	VocalAndInstrumentalMusic	Længsels-Vals			L. Van Beethoven	True					Reg002217
standardpost	False	VocalAndInstrumentalMusic	Les Marionettes, Polka-Mazurka			Neumann	True					Reg002123
standardpost	False	VocalAndInstrumentalMusic	Marseillaisen			Rouget de Lisle	True					Reg002337
standardpost	False	VocalAndInstrumentalMusic	Messias			G. F. Händel	True					Reg002378
standardpost	False	VocalAndInstrumentalMusic	Miserere			Gregorio Allegri	True					Reg002412
standardpost	False	VocalAndInstrumentalMusic	Modersmaalet			H. Rung	True					Reg002421
standardpost	False	VocalAndInstrumentalMusic	Märzveilchen			Robert Schumann	True	op. 40 nr. 1				Reg002449
standardpost	False	VocalAndInstrumentalMusic	Der Mönch			G. Meyerbeer	True					Reg000796
standardpost	False	VocalAndInstrumentalMusic	Nat i Skoven			J. P. E. Hartmann	True		af H.C. Andersens Intermedium til »Kildereisen«			Reg002476
standardpost	False	VocalAndInstrumentalMusic	Neckens polska			svensk Folkemelodi	False					Reg002484
standardpost	False	VocalAndInstrumentalMusic	Die Neckrose			N. W. Gade	True					Reg000901
krydshenvisning	False	VocalAndInstrumentalMusic	N° 3							Annen-Polka		Reg002571
standardpost	False	VocalAndInstrumentalMusic	Noël		Weihnachtslied	Robert Schumann	True	op. 79 nr. 17				Reg002535
standardpost	False	VocalAndInstrumentalMusic	Novellette i sex Smaastykker, f. Pfte			J. P. E. Hartmann	True	op. 55b				Reg002534
standardpost	False	VocalAndInstrumentalMusic	Nøkken			Ole Bull	True					Reg002577
standardpost	False	VocalAndInstrumentalMusic	Oktet, F-Dur			N. W. Gade	True	op. 17				Reg002597
standardpost	False	VocalAndInstrumentalMusic	Olav Trygvason	Brede Seil over Nordsjø gaar -		R. Nordraak	True					Reg002598
krydshenvisning	False	VocalAndInstrumentalMusic	Ossian-Ouverturen							Efterklange af Ossian		Reg002630
standardpost	False	VocalAndInstrumentalMusic	Paulus			F. Mendelssohn-Bartholdy	True	op. 36				Reg002662
standardpost	False	VocalAndInstrumentalMusic	Peer og Maren			E. Horneman	True					Reg002668
standardpost	False	VocalAndInstrumentalMusic	Pensée			Karl Riccius	True					Reg002672
standardpost	False	VocalAndInstrumentalMusic	Phantasie über »Robert der Teufel«			Franz Liszt	True					Reg002679
standardpost	False	VocalAndInstrumentalMusic	Requiem			Michael Haydn	True					Reg002796
standardpost	False	VocalAndInstrumentalMusic	Requiem			W. A. Mozart	True					Reg002797
standardpost	False	VocalAndInstrumentalMusic	Romance			R. Nordraak	True					Reg002835
standardpost	False	VocalAndInstrumentalMusic	Romance for Violin med Klaver, G-dur			L. van Beethoven	True	op. 40				Reg002836
standardpost	False	VocalAndInstrumentalMusic	Romancer og Sange			C. E. F. Weyse	True					Reg002837
standardpost	False	VocalAndInstrumentalMusic	Roselil og hendes Moder -			Folkemelodi	False					Reg002851
standardpost	False	VocalAndInstrumentalMusic		Schleswig-Holstein meerumschlungen		Carl Gottlieb Bellmann	True					Reg003667
standardpost	False	VocalAndInstrumentalMusic		See Søen hist, hvor Solen daler -								Reg003669
standardpost	False	VocalAndInstrumentalMusic	Serenade			Henry Holmes	True					Reg002982
standardpost	False	VocalAndInstrumentalMusic	Sex Karakteerstykker, komponerede som Studier for Klaver, med indledende Smaavers af H. C. Andersen			J. P. E. Hartmann	True	op. 50				Reg002985
standardpost	False	VocalAndInstrumentalMusic	Sigurd Slembe, Musik til -, for Solo, Chor og Orkester			R. Nordraak	True					Reg002995
standardpost	False	VocalAndInstrumentalMusic	Slaget ved Fredericia			Henrik Rung	True					Reg003034
standardpost	False	VocalAndInstrumentalMusic	Der Sohn der Wüste			Heinrich Riccius	True					Reg000806
standardpost	False	VocalAndInstrumentalMusic		Solen gaar bag Aasen ned -		W. Thrane	True					Reg003674
standardpost	False	VocalAndInstrumentalMusic	Der Soldat			Robert Schumann	True	op. 40 nr. 3				Reg000807
standardpost	False	VocalAndInstrumentalMusic	Sommerfuglen			J. P. E. Hartmann	True				(= Nr. 2 af Sex Karakteerstykker op. 50)	Reg003062
standardpost	False	VocalAndInstrumentalMusic	Der Spielmann			Robert Schumann	True	op. 40 nr. 4				Reg000810
standardpost	False	VocalAndInstrumentalMusic	Stabat mater			Volkmar Busch	True					Reg003092
standardpost	False	VocalAndInstrumentalMusic	Studenten fra Lund			J. A. Hägg	True					Reg003122
standardpost	False	VocalAndInstrumentalMusic	Studenternes Sang ved Thorvaldsens Bisættelse			J. P. E. Hartmann	True					Reg003123
standardpost	False	VocalAndInstrumentalMusic	Studier og Novelletter		for Klaver	J. P. E. Hartmann	True	op. 65				Reg003125
standardpost	False	VocalAndInstrumentalMusic	Symfoni Nr. 1, c-mol			N. W. Gade	True	op. 5				Reg003150
standardpost	False	VocalAndInstrumentalMusic	Symfoni Nr. 2, e-mol			Emil Hartmann	True					Reg003151
standardpost	False	VocalAndInstrumentalMusic	Symfoni Nr. 7, A-dur			L. van Beethoven	True	op. 92				Reg003152
standardpost	False	VocalAndInstrumentalMusic	Sørge-Cantate over Høisalig Kong Frederik den Sjette			J.P.E. Hartmann	True	op. 27				Reg003169
standardpost	False	VocalAndInstrumentalMusic	Sørgemarsch ved Thorvaldsens Bisættelse			J. P. E. Hartmann	True					Reg003170
standardpost	False	VocalAndInstrumentalMusic	Den sørgende Jødinde, af H. C. Andersens Ahasverus, f. Sopransolo, Damekor og Orkester			J. P. E. Hartmann	True					Reg000758
standardpost	False	VocalAndInstrumentalMusic	Den tappre Landsoldat			E. Horneman	True					Reg000759
standardpost	False	VocalAndInstrumentalMusic	Tarantelle			Ole Bull	True					Reg003189
standardpost	False	VocalAndInstrumentalMusic		Te voglio bene -		napolitansk Folkevise	False					Reg003676
standardpost	False	VocalAndInstrumentalMusic	Terpsichore-Vals			Carl Edström	True					Reg003198
standardpost	False	VocalAndInstrumentalMusic	Thrymskviden. Gudernes Indtogsmarch			J. P. E. Hartmann	True	op. 67				Reg003243
standardpost	False	VocalAndInstrumentalMusic	Til Kong Frederik VII.s Minde, Studenterforeningen 20.12.1863			C. J. Hansen	True					Reg003254
standardpost	False	VocalAndInstrumentalMusic	Tre Klaverstykker		Mazurka - Largo - Mazurka	G. Matthison-Hansen	True					Reg003312
standardpost	False	VocalAndInstrumentalMusic	Il trillo di diavolo			G. Tartini	True					Reg001723
standardpost	False	VocalAndInstrumentalMusic	Trio for Klaver, Violin og Violoncel, F-dur			N. W. Gade	True	op. 42				Reg003320
standardpost	False	VocalAndInstrumentalMusic	Vandring i Skoven			Edvard Grieg	True	op. 18 nr. 1				Reg003407
standardpost	False	VocalAndInstrumentalMusic	Le vieux soldat			François Riga	True					Reg002099
standardpost	False	VocalAndInstrumentalMusic		Vift stolt paa Codans Bølge		R. Bay	True					Reg003678
standardpost	False	VocalAndInstrumentalMusic		Vintern rasat ut bland våra fjällar -		Otto Lindblad	True					Reg003680
standardpost	False	VocalAndInstrumentalMusic		Vor Gud han er saa fast en Borg -								Reg003681
standardpost	False	VocalAndInstrumentalMusic	Der Wanderer			Fr. Schubert	True					Reg000820
standardpost	False	VocalAndInstrumentalMusic	Weihe der Töne		Symfoni Nr. 4, F-dur	L. Spohr	True	op. 86				Reg003489
standardpost	False	VocalAndInstrumentalMusic	Zigeunermärchen, af Goethes Götz von Berlichingen, f. Mezzosopran, Kor og Orkester			J. P. E. Hartmann	True					Reg003526
standardpost	False	VocalAndInstrumentalMusic	Ørkenens Søn			P. Heise	True					Reg003701
