breve_pid,breve_name,breve_birth,breve_death,breve_hjemland,letters_with_hca,candidate_hca_rids,candidate_hca_labels,reason
1114,Henriette Wulff,1804,1858,Danmark,568,Reg0130480; Reg0130500; Reg0130510; Reg0130520; Reg0130530,"Wulff, se også: Wolf, Wolff.; Wulff, Antoinette Christiane, f. Birch (1823–1892); Wulff, Carl (1840–1888); Wulff, Christian (1777–1843); Wulff, Christian (1810–1856)",no HCA candidate with this birth year
404,Henriette Hanck,1807,1846,Danmark,244,Reg0065660; Reg0065670; Reg0065700; Reg0065710,"Hanck, Madam; Hanck, Caroline (1816–1901); Hanck, J. H. T. (1776–1840); Hanck, Madseline, f. Iversen (1788–1851)",no HCA candidate with this birth year
494,Mimi Holstein-Holsteinborg,1830,1876,Danmark,166,Reg0072110; Reg0072270,"Holstein (-Holsteinborg), Christian Christoph, Greve (1856–1924); Holstein-Holsteinborg, Ludvig, Lensgreve (1815–1892)",no HCA candidate with this birth year
302,"Carolina, Lina von Eisendecher",1821,1875,Tyskland,104,Reg0055160; Reg0055170; Reg0055180,"Eisendecher, Christa von (1852–1940); Eisendecher, Gustave von (1842–1914); Eisendecher, Wilhelm von (1803–1880)",no HCA candidate with this birth year
708,Louise Melchior,1848,15-1,Danmark,38,Reg0090620; Reg0090630; Reg0090780,"Melchior, Johanne (1848–1911); Melchior, Louise (1848–1933); Melchior, Thea (1848–1928)",multiple HCA candidates share this surname+birth year
585,Hans Henrik (Henni) Koch,1836,1922,Danmark,38,Reg0079470; Reg0079480; Reg0079490; Reg0079500; Reg0079510,"Koch, G. G. (1737–1813); Koch, Christine Sophie, f. Møller (1830–1914); Koch, E. F. (1835–1911); Koch, Ellen (1862–1892); Koch, Fro Mathilde, f. Friis (1819–1905)",no HCA candidate with this birth year
180,Anne S Bushby,,1875,England,36,Reg0044550; Reg0044560,"Bushby, Mr.; Bushby, Mrs. Anne S. (død 1875)",no birth year in breve-data
341,Lorenz Frölich,1820,1908,Danmark,32,Reg0059920,"Frölich, Anna Christina (1773–1850)",no HCA candidate with this birth year
35,Anne Marie Andersdatter,,1833,Danmark,31,Reg0031760,"Andersdatter, Anne Marie (død 1833)",no birth year in breve-data
924,Rudolf Schmidt,1836,1899,Danmark,30,Reg0112840; Reg0112870,"Schmidt, Rudolph (1836–1899); Schmidt, Valdemar (1836–1925)",multiple HCA candidates share this surname+birth year
542,William Jerdan,1782,1869,England,25,Reg0075790; Reg0075800,"Jerdan, Mrs.; Jerdan, William (1728–1869)",no HCA candidate with this birth year
748,Ludwig Müller,1809,1891,Danmark,21,Reg0094380; Reg0094480,"Müller, Ludvig (1809–1891); Müller, Thorvald (1809–1879)",multiple HCA candidates share this surname+birth year
1025,Albert Thorvaldsen,1768,1844,Danmark,21,Reg0122090,"Thorvaldsen, Bertel (ca. 1770–1844)",no HCA candidate with this birth year
556,Jules Jürgensen,1808,1877,Schweiz,21,Reg0076920; Reg0076990,"Jürgensen, Anastasie, f. Lavalette (1808–1877); Jürgensen, Jules (1808–1877)",multiple HCA candidates share this surname+birth year
536,H. Jacobsen,1797,1877,Tyskland,15,Reg0075030; Reg0075040; Reg0075050; Reg0075060; Reg0075070,"Jacobsen, Frk., Teglgaarden 1872, se: Jacob.; Jacobsen, Andreas (1801–1870); Jacobsen, Camilla (død 1878, 68 år gl.); Jacobsen, Carl (1842–1914); Jacobsen, David (1821–1871)",no HCA candidate with this birth year
808,Frederik (Frits) Petit,1809,1854,Danmark,14,Reg0100580; Reg0100600; Reg0100610; Reg0100620; Reg0100630,"Petit, Charles (1811–1885); Petit, Henriette (1815–1912); Petit, Henry (1866–?); Petit, Mathilde, f. Meyer (1827–?); Petit, Sophus, f. Buchholz (1803–1863)",no HCA candidate with this birth year
140,Henriette (Henny) Brandis,1819,1874,Danmark,13,Reg0041570; Reg0041590; Reg0041600,"Brandis, Dietrich (1821–1849); Brandis, Jane, f. Markoe (1791–1865); Brandis, Joachim Dietrich (1762–1845)",no HCA candidate with this birth year
19635,Reitzel,,,,13,Reg0105120; Reg0105130; Reg0105140; Reg0105150; Reg0105160,"Reitzel, Augusta (1821–1903); Reitzel, Augusta Dorothea, f. Jøhnke (1835–1889); Reitzel, C. A. (1789–1853); Reitzel, Carl (1833–1911); Reitzel, Carl Andreas (1860–1921)",no birth year in breve-data
117,William Edw. Bloch,1845,01-1,Danmark,13,Reg0039370; Reg0039520,"Bloch, Alma, f. Trepka (1845–1886); Bloch, William (1845–1926)",multiple HCA candidates share this surname+birth year
787,Johanne Marie Ortved,1798,1876,Danmark,12,Reg0098360; Reg0098370,"Ortved, Amalie Dorothea Henriette, f. Schwanenflügel (1811–1890); Ortved, Emil Ludvig Sophus (1844–?)",no HCA candidate with this birth year
707,Johanne Melchior,1848,1911,Danmark,12,Reg0090620; Reg0090630; Reg0090780,"Melchior, Johanne (1848–1911); Melchior, Louise (1848–1933); Melchior, Thea (1848–1928)",multiple HCA candidates share this surname+birth year
258,Louis Demouceaux,,,Frankrig,12,Reg0052160,"Demouceaux, Louis",no birth year in breve-data
764,Henriette Nielsen,1815,1900,Danmark,10,Reg0096330; Reg0096400; Reg0096410,"Nielsen, Edel Margrethe, f. Nielsen (1815–1893); Nielsen, Henriette (1815–1900); Nielsen, Ida (1815–1889)",multiple HCA candidates share this surname+birth year
660,Axelline Lund,1836,1918,Danmark,10,Reg0086270; Reg0086300,"Lund, Axelline, f. Mørch (1836–1918); Lund, Christian (1836–1894)",multiple HCA candidates share this surname+birth year
889,Michael Rosing,1830,1904,Danmark,10,Reg0107520; Reg0107550,"Rosing, Agnes, f. Dunlop (1830–1908); Rosing, Michael (1830–1904)",multiple HCA candidates share this surname+birth year
209,Clara Charlotte Classen,1809,1898,Danmark,9,Reg0047950,"Classen, P. H. (1804–1886)",no HCA candidate with this birth year
648,Charles Beckwith Lohmeyer,1810,1874,Danmark,9,Reg0085600; Reg0085610,"Lohmeyer, Charles Beckwith (ca. 1810–74); Lohmeyer, John Henry Beckwith",no HCA candidate with this birth year
347,Sophie Gade,1831,1855,Danmark,9,Reg0060390; Reg0060430; Reg0060480,"Gade, Elisa Sophia, f. de Garlieb (1831–1906); Gade, Herman Andreas (1831–1877); Gade, Sophie, f. Hartmann (1831–1855)",multiple HCA candidates share this surname+birth year
963,Hubert Smith,1822,1911,England,9,Reg0116110; Reg0116130; Reg0116140; Reg0116150; Reg0116160,"Smith, Mrs.; Smith, Albert (1816–1860); Smith, Andreas Niels Christopher (1797–1863); Smith, Arthur W. W. (1825–1861); Smith, Ebenezer Pye (1807–1885)",no HCA candidate with this birth year
19745,Juliette Price,1831,1906,Danmark,9,Reg0102800; Reg0102860,"Price, Amalie (1831–1892); Price, Juliette (1831–1906)",multiple HCA candidates share this surname+birth year
416,Mads Hansen,1834,1880,Danmark,9,Reg0066490; Reg0066550,"Hansen, Mads (1834–1880); Hansen, N. C. (1834–1922)",multiple HCA candidates share this surname+birth year
676,Herman S. Løvenskiold,1815,1870,Danmark,8,Reg0087530; Reg0087540; Reg0087550; Reg0087560; Reg0087590,"Løvenskiold, Annette, f. Komtesse Knuth (1787–1873); Løvenskiold, Carl Eggert Georg, Baron (1806–1884); Løvenskiold, Carl Ludvig (1822–1898); Løvenskiold, Gharlotta Eugénie Louise Augusta, f. Friherreinde Lagerheim (1828–1892); Løvenskiold, Emst (1803–1867)",no HCA candidate with this birth year
860,Frederik Reventlow,1791,1851,Danmark,8,Reg0105540; Reg0105550; Reg0105560; Reg0105570; Reg0105580,"Reventlow, Arthur Christian Ditlev Ludvig Eugen, Greve (1817–1878); Reventlow, Benedicte, Grevinde, f. Komtesse Reventlow (1834–1893); Reventlow, Benedicte, Komtesse (1847–1919); Reventlow, Caroline, Grevinde (1806–1884); Reventlow, Christian, Greve (1837–1904)",no HCA candidate with this birth year
426,"Thora, f. Jacobsen Hartmann",1807,1889,Danmark,8,Reg0067230; Reg0067390,"Hartmann, Emma, f. Zinn (1807–1851); Hartmann, Thora, f. Jacobsen (1807–1889)",multiple HCA candidates share this surname+birth year
713,Thea Melchior,1860,1876,Danmark,8,Reg0090790; Reg0090810,"Melchior, Thea (1860–1876); Melchior, Victor (1860–1941)",multiple HCA candidates share this surname+birth year
958,Vedel Simonsen,1780,1858,Danmark,7,Reg0115520; Reg0115540; Reg0115550; Reg0115560; Reg0115580,"Simonsen, A. E. (1809–1876); Simonsen, Cecilie Elisa Laura Eulalia, f. Bjørn (1835–1920); Simonsen, Edith (1853–1920); Simonsen, Emesta (1843–1916); Simonsen, Niels (1807–1885)",no HCA candidate with this birth year
399,Andrew Hamilton,,,England,7,Reg0065370; Reg0065380; Reg0065390; Reg0065400; Reg0065410,"Hamilton, Mrs.; Hamilton, Mrs.; Hamilton, Adolf Ludvig, Greve (1786–1844); Hamilton, Adolf Ludvig, Greve (1820–1896); Hamilton, Agnes, Grevinde, f. Geijer (1824–1885)",no birth year in breve-data
55,Louis Bagger,1845,1895,Danmark,7,Reg0033780; Reg0033790; Reg0033800; Reg0033810; Reg0033820,"Bagger, Carl (1807–1846); Bagger, Frederik Vilhelm (1846–1936); Bagger, Louis; Bagger, Peter (død 1888, 77 år gl.); Bagger, Thora, f. Fiedler, Enke efter Carl B., se: Borum, Thora.",no HCA candidate with this birth year
375,Ernest Grégoire,,,Frankrig,7,Reg0063010,"Grégoire, Ernest",no birth year in breve-data
795,Gibson Peacock,1822,1893,USA,7,Reg0099450,"Peacock, Gibson",no HCA candidate with this birth year
534,Chr. Henr. Iversen,1748,1827,Danmark,6,Reg0074890; Reg0074900; Reg0074910; Reg0074920,"Iversen, A. G. (død 1850); Iversen, C. G. (1817–1881); Iversen, Carl Oscar (1849–1920); Iversen, Kirstine Marie, f. Nielsen (1767–1837)",no HCA candidate with this birth year
313,Constantin Karl Falkenstein,1801,1855,Tyskland,6,Reg0056720; Reg0056740,"Falkenstein, Constantin (1801–1855); Falkenstein, Johann Paul (1801–1882)",multiple HCA candidates share this surname+birth year
827,Rosalie Du Puget,1795,,Danmark,6,Reg0103130,"Puget, se: Du Puget.",no HCA candidate with this birth year
1098,Julie Winther,1813,1881,Danmark,6,Reg0129700; Reg0129720,"Winther, Geert (1813–1905); Winther, Julie, f. Lütthans (1813–1881)",multiple HCA candidates share this surname+birth year
674,Anna Johanne Lønborg,1833,1893,Danmark,6,Reg0087470; Reg0087480; Reg0087490,"Lønborg, G. J. F. (1822–1882); Lønborg, Frederikke (død 1904); Lønborg, Sophie Kaufmann (1854–1938)",no HCA candidate with this birth year
1134,Joh. Edvard Jessen,1840,,Danmark,6,Reg0075980; Reg0076000; Reg0076010; Reg0076020; Reg0076030,"Jessen, Annette, f. Lüttichau (1842–1911); Jessen, Caroline, f. Jessen (1804–1882); Jessen, Edwin (1833–1921); Jessen, J. C. von (1817–1884); Jessen, Joh. Edv. (1840–?)",no HCA candidate with this birth year
141,Andreas Ludv. Brandt,1820,1882,Danmark,6,Reg0041660; Reg0041700,"Brandt, Andreas Ludvig (1820–1882); Brandt, Camilla Augusta, f. Bodenhoff (1820–1895)",multiple HCA candidates share this surname+birth year
816,Augusta Plesner,1817,1885,Danmark,6,Reg0101570; Reg0101580,"Plesner, G. (1826–1882); Plesner, Laura (1823–1007)",no HCA candidate with this birth year
377,Joachim Melchior Grevenkop-Castenskiold,1807,1878,Danmark,5,Reg0063080,"Grevenkop-Castenskiold, se: Castenskiold.",no HCA candidate with this birth year
859,Julius Reuscher,,,Tyskland,5,Reg0105420,"Reuscher, Julius",no birth year in breve-data
724,Carl Friedrich Meyer,,1885,Tyskland,5,Reg0091210; Reg0091260; Reg0091270; Reg0091280; Reg0091290,"Meyer, se også: Mayer.; Meyer, A. J. (1838–1896); Meyer, Adolph (1871–1947); Meyer, Alfred (1806–1880); Meyer, Carl (1826–?)",no birth year in breve-data
622,Gottfried Lütgendorff Leinburg,1825,1893,Tyskland,5,Reg0083440,"Leinburg, Gottfried, se: Lütgendorff-Leinburg, G.",no HCA candidate with this birth year
486,Chr. Christoph Holstein,1856,1924,Danmark,5,Reg0072040; Reg0072050; Reg0072060; Reg0072080; Reg0072090,"Holstein, Frøknerne; Holstein, Anna Elisa, f. Wiihm (1800–1866); Holstein, Bodild, Komtesse (1852–1927); Holstein, Carl Johan Emil Nicolaj von (1847–1907); Holstein, Christian, Greve (1826–1891)",no HCA candidate with this birth year
843,J. Frederik Rasmussen,,1901,Danmark,5,Reg0104250; Reg0104280; Reg0104290; Reg0104300; Reg0104310,"Rasmussen, Frk.; Rasmussen, August (1838–1922); Rasmussen, Frederik; Rasmussen, H. (død 1900, 79 år gl.); Rasmussen, Helga (1847–1900)",no birth year in breve-data
356,Antoine Genevay,1811,,Frankrig,5,Reg0061370; Reg0061380,"Genevay, Mademoiselle; Genevay, Antoine (1811–ca. 1885)",no HCA candidate with this birth year
705,Henriette (tante Jette) Melchior,1813,1892,Danmark,5,Reg0090410; Reg0090420; Reg0090430; Reg0090440; Reg0090450,"Melchior, Familien; Melchior, Anna (1853–1881); Melchior, Augusta (1859–1918); Melchior, Birgitte, f. Israel (1792–1855); Melchior, Birgitte (1858–1938)",no HCA candidate with this birth year
196,Carl Gustav Carus,1789,1869,Tyskland,5,Reg0046080; Reg0046090,"Carus, Frøknerne; Carus, Carl Gustav (1779–1868)",no HCA candidate with this birth year
20225,Vilhelm Hauch,1844,1902,Danmark,5,Reg0067630; Reg0067640; Reg0067650; Reg0067670; Reg0067680,"Hauch, Adam G. 0. (1836–1914); Hauch, Carsten (1790–1872); Hauch, Elisabeth (1832–1903); Hauch, L. A. (1845–1938); Hauch, Marie (1834–1915)",no HCA candidate with this birth year
20270,Peter Christian Adler,1796,1851,Danmark,5,Reg0030510; Reg0030540; Reg0030550; Reg0030560; Reg0030570,"Adler, se også: Lente-Adeler.; Adler, D. B. (1826–1878); Adler, Emma (1855–1912); Adler, I. B. (1817–1880); Adler, Jenny, f. Raphael (1830–1902)",no HCA candidate with this birth year
20269,Peter Vilhelm Jacobsen,1799,1848,Danmark,5,Reg0075030; Reg0075040; Reg0075050; Reg0075060; Reg0075070,"Jacobsen, Frk., Teglgaarden 1872, se: Jacob.; Jacobsen, Andreas (1801–1870); Jacobsen, Camilla (død 1878, 68 år gl.); Jacobsen, Carl (1842–1914); Jacobsen, David (1821–1871)",no HCA candidate with this birth year
783,G. H Olsen,1760,1827,Danmark,4,Reg0097770; Reg0097780; Reg0097810; Reg0097820; Reg0097830,"Olsen, Mile; Olsen, Camilla Frederikke Christiane (1838–1903); Olsen, F. C. (1802–1874); Olsen, Herman Carøe (død 1870); Olsen, Mathilde (1834–1916)",no HCA candidate with this birth year
19871,William French,1842,1900,Tyskland,4,Reg0059070,"French, William (1842–?)",no HCA candidate with this birth year
206,Caroline Christiani,1815,,Danmark,4,Reg0047700; Reg0047710; Reg0047720,"Christiani, Jens (død 1908); Christiani, Rudolf (1797–1858); Christiani, W. Caroline, f. Timmermann (1815–?)",no HCA candidate with this birth year
62,Frederik Siegfred Bang,1810,1889,Danmark,4,Reg0034350; Reg0034400,"Bang, F. S. (1810–1889); Bang, Johanne Caroline, f. Michelsen (1810–1886)",multiple HCA candidates share this surname+birth year
368,Hermann Gobert,,,Tyskland,4,Reg0062300,"Gobert, Hermann",no birth year in breve-data
282,Michael Drewsen,1804,1874,Danmark,4,Reg0053490; Reg0053600,"Drewsen, Ingeborg, f. Collin (1804–1877); Drewsen, Michael (1804–1874)",multiple HCA candidates share this surname+birth year
71,Thecla Baudissin,1812,,Danmark,4,Reg0035060; Reg0035070; Reg0035080; Reg0035090,"Baudissin, Otto, Rigsgreve (1792–1865); Baudissin, Sophie, Rigsgrevinde, f. Kaskel (1817–1894); Baudissin, Thecla; Baudissin, Wolf von, Rigsgreve (1789–1878)",no HCA candidate with this birth year
515,Melancthon M. Hurd,,,USA,4,Reg0073750,"Hurd, Melancthon M.",no birth year in breve-data
412,Emanuel Hansen,1846,1930,Danmark,4,Reg0066230; Reg0066450,"Hansen, Emanuel (1846–1930); Hansen, Karen Marie, f. Mikkelsen (1846–1893)",multiple HCA candidates share this surname+birth year
473,J. A. Higginson,,,USA,4,Reg0070520,"Higginson, J. A.",no birth year in breve-data
240,Johanne Caroline Elisabeth Dahlén,1770,1845,Danmark,3,Reg0049960; Reg0049970,"Dahlén, Carl (1770–1851); Dahlén, Johanne Caroline Elisabeth, f. Morthorst (1770–1845)",multiple HCA candidates share this surname+birth year
19697,Valdemar Drewsen,1828,1892,Danmark,3,Reg0053630; Reg0053640; Reg0053670,"Drewsen, Pauline, f. Beutner (1828–1908); Drewsen, Peter (1828–1905); Drewsen, Valdemar (1828–1892)",multiple HCA candidates share this surname+birth year
406,Louise Hanck,1814,1882,Danmark,3,Reg0065660; Reg0065670; Reg0065700; Reg0065710,"Hanck, Madam; Hanck, Caroline (1816–1901); Hanck, J. H. T. (1776–1840); Hanck, Madseline, f. Iversen (1788–1851)",no HCA candidate with this birth year
174,Ole  Bornemann Bull,1810,1880,Norge,3,Reg0044210,"Bull, Albertine, f. Ørsted (1783–1865)",no HCA candidate with this birth year
957,Moses Simion,1814,1854,Tyskland,3,Reg0115480,"Simion, M. (død 1854)",no HCA candidate with this birth year
118,Françiska (Fanny) Blome,1803,1856,Danmark,3,Reg0039650,"Blome, Otto, Lensgreve (1770–1849)",no HCA candidate with this birth year
183,J. F. Bülow,1814,1890,Danmark,3,Reg0044740; Reg0044750,"Bülow, Johan (1814–1890); Bülow, Magnus Peter (1814–1864)",multiple HCA candidates share this surname+birth year
93,Magdalena (Malin) v. Beskow,1790,1873,Sverige,3,Reg0037700,"Beskow, Bernhard von, Friherre (1796–1868)",no HCA candidate with this birth year
362,Helen Gipps,,,England,3,Reg0061790,"Gipps, Helen Pemberton",no birth year in breve-data
84,Annie Bentley,,,England,3,Reg0036540; Reg0036550; Reg0036560; Reg0036570; Reg0036580,"Bentley, Mrs. George.; Bentley, Mrs. Richard (død 1871); Bentley, Alfred; Bentley, Annie; Bentley, Charlotte",no birth year in breve-data
928,H. W. Scholtz,,1893,Danmark,3,Reg0113150,"Scholtz, E. W. von (død ca. 1866)",no birth year in breve-data
496,Sofus Holten,1836,1885,Danmark,3,Reg0072520; Reg0072590,"Holten, Carl von (1836–1912); Holten, Sofus Emil (1836–1885)",multiple HCA candidates share this surname+birth year
1150,Ottilie Heinke,,,Tyskland,3,Reg0068680; Reg0068690; Reg0068700,"Heinke, Clara (1825–1892); Heinke, Friederike Charlotte Philippine, f. Werner (død 1868); Heinke, Ottilie",no birth year in breve-data
736,Julie Moltke,1845,1899,Danmark,3,Reg0092340; Reg0092360; Reg0092370; Reg0092380; Reg0092390,"Moltke, se også: Moltke-Hvitfeldt.; Moltke, Komtesse; Moltke, Komtesse; Moltke, Adam Gottlob, Lensgreve (1710–1792); Moltke, Adam Gottlob, Greve (1792–1868)",no HCA candidate with this birth year
949,Carl Serre,,,Tyskland,3,Reg0115040; Reg0115050; Reg0115060,"Serre, Carl; Serre, Friederike, f. Hammerdorfer (1800–1872); Serre, Friedrich Anton (1789–1863)",no birth year in breve-data
19632,Laura Hain Friswell,,1908,England,3,Reg0059650,"Friswell, Laura",no birth year in breve-data
161,George Browning,1807,1878,England,3,Reg0043160; Reg0043170,"Browning, Elizabeth Barrett (1806–1861); Browning, Robert (1812–1889)",no HCA candidate with this birth year
968,Hippolit von Sonnleithner,1814,1897,Østrig,3,Reg0116580; Reg0116600,"Sonnleithner, Hedvig (1814–1891); Sonnleithner, Hippolit (1814–1897)",multiple HCA candidates share this surname+birth year
19924,Alice F. Milbank,,,Skotland,3,Reg0091910,"Milbank, Alice F.",no birth year in breve-data
753,Jens Møller,1779,1833,Danmark,2,Reg0094730; Reg0094760; Reg0094770; Reg0094790; Reg0094820,"Møller, se også: Müller.; Møller, Frøken; Møller, Frøken; Møller, Komponist, se: Lange-Müller, P. E.; Møller, Albrecht Carl Adolph From (1803–1884)",no HCA candidate with this birth year
430,A. W. Hauch,1755,1838,Danmark,2,Reg0067630; Reg0067640; Reg0067650; Reg0067670; Reg0067680,"Hauch, Adam G. 0. (1836–1914); Hauch, Carsten (1790–1872); Hauch, Elisabeth (1832–1903); Hauch, L. A. (1845–1938); Hauch, Marie (1834–1915)",no HCA candidate with this birth year
343,P. C. Stenersen Gad,1797,1851,Danmark,2,Reg0060360; Reg0060370,"Gad, Knud (1797–1870); Gad, P. G. Stenersen (1797–1851)",multiple HCA candidates share this surname+birth year
956,G. Siesby,1805,1884,Danmark,2,Reg0115350,"Siesby, Gottlieb (1803–1884)",no HCA candidate with this birth year
632,Georg Julius Liebe,1788,1845,Danmark,2,Reg0084670; Reg0084680; Reg0084690; Reg0084700,"Liebe, C. (1820–1900); Liebe, C. F. J. H. (1815–1883); Liebe, Emilie, f. Egense (1831–1881); Liebe, Theodor (1823–1893)",no HCA candidate with this birth year
384,I. P. Grüne,,,Danmark,2,Reg0063620,"Grüne, Karl, Greve (1808–1884)",no birth year in breve-data
467,Mathilde Heuberger,,,Tyskland,2,Reg0070310; Reg0070320,"Heuberger, Karl (1790–efter 1882); Heuberger, Mathilde",no birth year in breve-data
520,Georg Wilhelm Heinrich Häring,1798,1871,Tyskland,2,Reg0074110; Reg0074120,"Häring, Lätitia, f. Perceval; Häring, Wilh. Heinr., se: Alexis, Willibald.",no HCA candidate with this birth year
336,Severin From,1828,1895,Danmark,2,Reg0059720,"From, Christian (1818–1890)",no HCA candidate with this birth year
337,Allwina Frommann,1800,1875,Danmark,2,Reg0059740; Reg0059750; Reg0059760,"Frommann, Friedrich Johann (1797–1886); Frommann, Johanna Charlotte, f. Wesselhöft (1765–1830); Frommann, Karl Friedrich Ernst (1765–1837)",no HCA candidate with this birth year
997,W. Sturm,,,Tyskland,2,Reg0119240,"Sturm, W.",no birth year in breve-data
1048,Charlotte Veltheim,1799,1873,Tyskland,2,Reg0125040,"Veltheim, Charlotte",no HCA candidate with this birth year
497,Benedict Homberg,,1870,Tyskland,2,Reg0072630; Reg0072640,"Homberg, Augusta, f. David (1803–1866); Homberg, Benedict (død 1870)",no birth year in breve-data
1136,Charlotte Harriet Jane Lockhart,,1858,England,2,Reg0085570; Reg0085580,"Lockhart, Charlotte Harriet Jane (død 1858); Lockhart, John Gibson (1794–1854)",no birth year in breve-data
20474,Margaret Thomas,,,England,2,Reg0121740,"Thomas, Margrethe (Margarith)",no birth year in breve-data
1112,Ludvig (Louis) Wrede,1816,1901,Sverige,2,Reg0130430,"Wrede, Fabian Jakob, Friherre (1802–1893)",no HCA candidate with this birth year
1064,C. [F.] Warberg,,,Danmark,2,Reg0126830; Reg0126840; Reg0126860; Reg0126870,"Warberg, Frøken; Warberg, C.; Warberg, Karl Gustaf (1782–1851); Warberg, Marie, f. Friedenreich (1784–?)",no birth year in breve-data
751,Albrecht Carl Adolph From Møller,1803,1884,Danmark,2,Reg0094820; Reg0094870,"Møller, Albrecht Carl Adolph From (1803–1884); Møller, Christine Sophie, f. Kellermann (1803–1890)",multiple HCA candidates share this surname+birth year
495,Carl (Henrik) v. Holten,1775,1862,Danmark,2,Reg0072500; Reg0072560,"Holten, Carl (1775–1862); Holten, Nicolai (1775–1850)",multiple HCA candidates share this surname+birth year
721,Christiane Mertens,,,Danmark,2,Reg0091050,"Mertens, Christiane",no birth year in breve-data
962,Albert Smith,1816,1860,England,2,Reg0116130; Reg0116230,"Smith, Albert (1816–1860); Smith, Michael Frederik Gustav (1816–1893)",multiple HCA candidates share this surname+birth year
578,Francisca v. Kloetz,,,Tyskland,2,Reg0078940,"Kloetz, Franziska von",no birth year in breve-data
540,Josephine Jensen,1833,,Danmark,2,Reg0075520; Reg0075550; Reg0075560; Reg0075570; Reg0075580,"Jensen, Frk.; Jensen, Anna Jacobine (f. 15.8.1865); Jensen, Bemth (1803–1879); Jensen, C. A. (1792–1870); Jensen, C. W. (1822–1891)",no HCA candidate with this birth year
20509,Christian Petersen,1805,1852,Danmark,2,Reg0100280; Reg0100510,"Petersen, Børge (1805–1879); Petersen, Peter E. (1805–1872)",multiple HCA candidates share this surname+birth year
402,Martin Hammerich,1811,1881,Danmark,2,Reg0065590; Reg0065610; Reg0065620; Reg0065630,"Hammerich, Angul (1848–1931); Hammerich, Frederik (1809–1877); Hammerich, Julie, f. Scheuermann (1806–1879); Hammerich, Thyra (1846–1921)",no HCA candidate with this birth year
410,C. A. Hansen,1810,1874,Danmark,2,Reg0066010; Reg0066050; Reg0066430,"Hansen, C. A. (1810–1874); Hansen, C. J. (1810–1882); Hansen, Jørgen Laurits Vilh. (1810–1884)",multiple HCA candidates share this surname+birth year
873,Elisabeth de Roboredo,1828,1897,Danmark,2,Reg0106500; Reg0106520,"Roboredo, Conrado Henrique Christiano de, Visconde (1851–1911); Roboredo, Joaquim de, Visconde (1808–1864)",no HCA candidate with this birth year
908,George Sand,1804,1876,Frankrig,2,Reg0110290,"Sand, Karl Ludwig (1795–1820)",no HCA candidate with this birth year
1102,Edward Wolff,1838,1875,Danmark,2,Reg0130080; Reg0130100,"Wolff, Charlotte Amalie (1838–1919); Wolff, Edward (1838–1875)",multiple HCA candidates share this surname+birth year
276,Louise Dorré,,,Frankrig,2,Reg0053160,"Dorré, Louise",no birth year in breve-data
893,Augusta Rudmose,0000,,Danmark,2,Reg0108170,"Rudmose, Augusta",no HCA candidate with this birth year
1106,Annie Wood,,,England,2,Reg0130280; Reg0130290; Reg0130300,"Wood, Miss; Wood, Annie; Wood, Bradford R. (1800–1889)",no birth year in breve-data
1066,Hermann Jackson Warner,1831,1916,USA,2,Reg0127110,"Warner, Hermann J.",no HCA candidate with this birth year
378,G. W. Griffin,,,USA,2,Reg0063140; Reg0063150,"Griffin, G. W.; Griffin, Virgiline",no birth year in breve-data
659,F. C. Lund,1826,1901,Danmark,2,Reg0086320; Reg0086470,"Lund, F. C. (1826–1901); Lund, Louis (1826–1901)",multiple HCA candidates share this surname+birth year
723,Johann Meyer,1829,1904,Tyskland,2,Reg0091410; Reg0091420,"Meyer, Johann (1829–1904); Meyer, Johann Philip Ferdinand (1829–1887)",multiple HCA candidates share this surname+birth year
649,John Henry Beckwith Lohmeyer,,,Danmark,2,Reg0085600; Reg0085610,"Lohmeyer, Charles Beckwith (ca. 1810–74); Lohmeyer, John Henry Beckwith",no birth year in breve-data
611,Alphonse de Lamartine,1790,1869,Frankrig,2,Reg0081930; Reg0081940,"Lamartine, Alphonse de (1790–1869); Lamartine, Eliza de, f. Birch (1790–1863)",multiple HCA candidates share this surname+birth year
20089,Otto Lindblad,1809,1864,Sverige,2,Reg0085040; Reg0085050,"Lindblad, Adolf Fredrik (1801–1878); Lindblad, Johan (1799–1876)",no HCA candidate with this birth year
606,Antoine de La Tour,1801,1881,Frankrig,2,Reg0082830,"La Tour, Antoine de (1808–1881)",no HCA candidate with this birth year
1132,Frantz Johs. Hansen,1810,1852,Danmark,2,Reg0066010; Reg0066050; Reg0066430,"Hansen, C. A. (1810–1874); Hansen, C. J. (1810–1882); Hansen, Jørgen Laurits Vilh. (1810–1884)",multiple HCA candidates share this surname+birth year
184,August Bürck,1805,1863,Tyskland,2,Reg0044820,"Bürck, August",no HCA candidate with this birth year
19648,Ingeborg Collin,1804,1877,,2,Reg0048520; Reg0048530; Reg0048540; Reg0048550; Reg0048560,"Collin, Familien; Collin, Arthur (1844–1925); Collin, August (1865–1939); Collin, Augusta, f. Petzholdt (1801–1865); Collin, Edgar (1836–1906)",no HCA candidate with this birth year
19666,Alexandre père Dumas,1803,1870,,2,Reg0053990,"Dumas, Alexandre Davy de La Pailleterie (1762–1806)",no HCA candidate with this birth year
19804,S. J. van den Bergh,1815,1868,Holland,2,Reg0037000; Reg0037010; Reg0037020,"Bergh, Edward (1828–1880); Bergh, Rudolph (1824–1909); Bergh, S. J. van den (1814–1868)",no HCA candidate with this birth year
19683,familien Melchior,,,,2,Reg0090410; Reg0090420; Reg0090430; Reg0090440; Reg0090450,"Melchior, Familien; Melchior, Anna (1853–1881); Melchior, Augusta (1859–1918); Melchior, Birgitte, f. Israel (1792–1855); Melchior, Birgitte (1858–1938)",no birth year in breve-data
19688,Malla Silfverstolpe,,,Sverige,2,Reg0115440,"Silfverstolpe, Malla, f. Montgomery (1782–1861)",no birth year in breve-data
19721,Nathalia Chlotidis Septima Ryge,1816,1895,,2,Reg0108620; Reg0108630; Reg0108640,"Ryge, Immanuel (1813–1891); Ryge, Immanuela Rosalia Decima Tertia (1830–1873); Ryge, J. G. (1780-1842)",no HCA candidate with this birth year
20151,Claus Christian Bang,1779,1855,Danmark,2,Reg0034240; Reg0034250; Reg0034270; Reg0034280; Reg0034290,"Bang, se også: Hofman-Bang.; Bang, Frøken; Bang, de, Frøken; Bang, Andreas Kreutzfeldt (1805–1897); Bang, August (1844–1920)",no HCA candidate with this birth year
19790,Mary Bruun,1863,,,2,Reg0043560; Reg0043570; Reg0043580; Reg0043590; Reg0043600,"Bruun, A. L. (1820–1904); Bruun, August (1812–1887); Bruun, Bertel (1820–1894); Bruun, Gamillo (1818–1880); Bruun, Carl (1846–1899)",no HCA candidate with this birth year
19849,Poul Chr. Stemann,1764,1855,Danmark,2,Reg0118140; Reg0118150,"Stemann, Augusta, f. Tillisch (1795–1887); Stemann, Elise (1822–1901)",no HCA candidate with this birth year
19880,Jens Jensen,1843,,Danmark,2,Reg0075520; Reg0075550; Reg0075560; Reg0075570; Reg0075580,"Jensen, Frk.; Jensen, Anna Jacobine (f. 15.8.1865); Jensen, Bemth (1803–1879); Jensen, C. A. (1792–1870); Jensen, C. W. (1822–1891)",no HCA candidate with this birth year
19894,Christian Hviid,1834,1906,Danmark,2,Reg0073920,"Hviid, Jens (1806–1837)",no HCA candidate with this birth year
19897,Peter Erasmus Müller,1840,1926,Danmark,2,Reg0094310; Reg0094450,"Müller, Georg (1840–1909); Müller, Peter Erasmus (1840–1926)",multiple HCA candidates share this surname+birth year
20043,Julius Beer,1833,1902,Tyskland,2,Reg0035910,"Beer, Julius",no HCA candidate with this birth year
20058,Søeborg,,,,2,Reg0120450; Reg0120460; Reg0120470,"Søeborg, Augusta, f. Iversen (1802–1874); Søeborg, Christian (1823–1904); Søeborg, Jørgen Andreas William Rostgaard (1855–1898)",no birth year in breve-data
20063,Mary A. Robinson,,,,2,Reg0106470; Reg0106480; Reg0106490,"Robinson, E.; Robinson, Mary A.; Robinson, Therese A. L., f. von Jacob (1797–1870)",no birth year in breve-data
20076,Christian Waagepetersen,1787,1840,Danmark,2,Reg0126200; Reg0126210,"Waagepetersen, Mathilde, f. Schram (1814–1898); Waagepetersen, Mozart (1813–1885)",no HCA candidate with this birth year
20105,Niels Peter Møller,1812,1895,Danmark,2,Reg0094730; Reg0094760; Reg0094770; Reg0094790; Reg0094820,"Møller, se også: Müller.; Møller, Frøken; Møller, Frøken; Møller, Komponist, se: Lange-Müller, P. E.; Møller, Albrecht Carl Adolph From (1803–1884)",no HCA candidate with this birth year
20145,Frederik Ludvig Mynster,1811,1889,Danmark,2,Reg0094570; Reg0094600,"Mynster, C.L.N. (1820–1883); Mynster, J. P. (1775–1854)",no HCA candidate with this birth year
20206,Beata Afzelius,1787,,Sverige,2,Reg0030620; Reg0030630; Reg0030650,"Afzelius, Arvid August (1785–1871); Afzelius, Augusta, f. Nielsen (1822–1902); Afzelius, Henri Gustaf William (1850–1908)",no HCA candidate with this birth year
20214,Peter Rørdam,1806,1883,Danmark,2,Reg0109060; Reg0109070; Reg0109080; Reg0109090; Reg0109100,"Rørdam, Astrid (1859–1934); Rørdam, Emilie (1844–1867); Rørdam, Emma (1841–1912); Rørdam, Hans Christian (1803–1869); Rørdam, Holger Fr. (1830–1913)",no HCA candidate with this birth year
20304,Maria S. Rye,1829,1903,England,2,Reg0108600,"Rye, Olaf (1791–1849)",no HCA candidate with this birth year
20275,Alvilde Hansen,,,Danmark,2,Reg0065830; Reg0065870; Reg0065910; Reg0065920; Reg0065930,"Hansen (1862), se: Matthison-Hansen, Hans.; Hansen, Frøken; Hansen, Adolf (1850–1908); Hansen, Albert; Hansen, Aleth (1817–1889)",no birth year in breve-data
20398,Elisabeth Holstein,1859,1935,Danmark,2,Reg0072040; Reg0072050; Reg0072060; Reg0072080; Reg0072090,"Holstein, Frøknerne; Holstein, Anna Elisa, f. Wiihm (1800–1866); Holstein, Bodild, Komtesse (1852–1927); Holstein, Carl Johan Emil Nicolaj von (1847–1907); Holstein, Christian, Greve (1826–1891)",no HCA candidate with this birth year
20417,Anders Larsen Bruun,1820,1904,Danmark,2,Reg0043560; Reg0043580,"Bruun, A. L. (1820–1904); Bruun, Bertel (1820–1894)",multiple HCA candidates share this surname+birth year
241,Vilhelmine Dahlén,,,Danmark,1,Reg0049960; Reg0049970,"Dahlén, Carl (1770–1851); Dahlén, Johanne Caroline Elisabeth, f. Morthorst (1770–1845)",no birth year in breve-data
807,Petersen,,,Danmark,1,Reg0100160; Reg0100190; Reg0100220; Reg0100230; Reg0100240,"Petersen, se også: Pedersen.; Petersen, Frøknerne; Petersen, Mile; Petersen, Skuespiller 1867, se: Dorph-Petersen.; Petersen, Adolph (1791/92–1829)",no birth year in breve-data
20481,Morten Larsen,,,Danmark,1,Reg0082520; Reg0082540; Reg0082550; Reg0082560; Reg0082570,"Larsen, Anna Maria, f. Martensen (1841–1888); Larsen, Carl Harald Julius (1831–1894); Larsen, Christian; Larsen, Christine Sophie, f. Helweg (1822–1878); Larsen, Eline Christine Barbara (1829–1914)",no birth year in breve-data
20482,Oluf (Ole) Bang,1788,1877,Danmark,1,Reg0034240; Reg0034250; Reg0034270; Reg0034280; Reg0034290,"Bang, se også: Hofman-Bang.; Bang, Frøken; Bang, de, Frøken; Bang, Andreas Kreutzfeldt (1805–1897); Bang, August (1844–1920)",no HCA candidate with this birth year
1160,Frederik Foersom,,,ukendt,1,Reg0058030; Reg0058040; Reg0058050; Reg0058060,"Foersom, Christen (1794–1850); Foersom, Edel Cathrine, f. Bang (1771–1851); Foersom, Peter (1769–1856); Foersom, Peter Thun (1777–1817)",no birth year in breve-data
691,G. W. Martensen,,,Danmark,1,Reg0089500; Reg0089520; Reg0089530; Reg0089540; Reg0089550,"Martensen, Anna Maria (1841–1888); Martensen, H. L. (1808–1884); Martensen, Henrik Vilhelm (1844–1906); Martensen, Josepha (1854–1924); Martensen, Virginie Henriette Constance, f. Bidoulac (1817–1904)",no birth year in breve-data
1099,Mathias Winther,1795,1834,Danmark,1,Reg0129660; Reg0129670; Reg0129680; Reg0129690; Reg0129700,"Winther, Anna Marie Franziska, f. Popp (1851–1928); Winther, Christian (1796–1876); Winther, Christian Ancker (1816–1898); Winther, Chr. M. (1817–1890); Winther, Geert (1813–1905)",no HCA candidate with this birth year
617,Laub,,,Danmark,1,Reg0082840; Reg0082850; Reg0082860; Reg0082870; Reg0082880,"Laub, F. L. E. (1807–1887); Laub, Hans Jørgen Trojel (1817–1863); Laub, Johanne Justine (1844–1871); Laub, Louise Magdalene (1842–1915); Laub, Lovise Frederikke, f. Zinck (1781–1859)",no birth year in breve-data
995,Mariane Frederikke Stub,1790,1842,Danmark,1,Reg0119150; Reg0119160,"Stub, Nordmand; Stub, Ambrosius (1705–1758)",no HCA candidate with this birth year
19841,Henriette (Jette) Thyberg,1813,1894,Danmark,1,Reg0122270; Reg0122370,"Thyberg, Tybjerg.; Thyberg, Oline, f. Falenkam (1781–1853)",no HCA candidate with this birth year
19838,Thea Hanck,1810,1898,Danmark,1,Reg0065660; Reg0065670; Reg0065700; Reg0065710,"Hanck, Madam; Hanck, Caroline (1816–1901); Hanck, J. H. T. (1776–1840); Hanck, Madseline, f. Iversen (1788–1851)",no HCA candidate with this birth year
895,Th. Rumohr,1807,1884,Danmark,1,Reg0108220; Reg0108230,"Rumohr, C. F. (1785–1843); Rumohr, Karl von (1786–1843)",no HCA candidate with this birth year
517,L. N. Hvidt,1777,1856,Danmark,1,Reg0073890; Reg0073900; Reg0073910,"Hvidt, Ed. J. (1806–1882); Hvidt, Elise Johanne Charlotte, f. Schiffert (1812–1880); Hvidt, Nanna Augusta (1835–1894)",no HCA candidate with this birth year
105,Fr. Sneedorff Birch,1805,1869,Danmark,1,Reg0038530; Reg0038550; Reg0038560; Reg0038570; Reg0038580,"Birch, se også: Bürck.; Birch, Frøken; Birch, Anton Peter Henrik (1815–1842); Birch, Christian (1760–1829); Birch, Christian Andreas (1795–1868)",no HCA candidate with this birth year
243,Susette Dalgas,1825,1869,Danmark,1,Reg0050150; Reg0050160; Reg0050170; Reg0050180; Reg0050200,"Dalgas, Carlo (1821–1851); Dalgas, Carolina (1832–1893); Dalgas, Christian August (1789–1863); Dalgas, Dagmar (1830–1883); Dalgas, Federigo (død 1898)",no HCA candidate with this birth year
19829,Carl Lund,,,Danmark,1,Reg0086260; Reg0086270; Reg0086280; Reg0086290; Reg0086300,"Lund, Augusta Charlotte Petrine, f. Heilmann (1810–1887); Lund, Axelline, f. Mørch (1836–1918); Lund, Chr., Digter, se: Lund, O. G.; Lund, Christian (1785–1845); Lund, Christian (1836–1894)",no birth year in breve-data
462,G. K. R. Herloszsohn,,,Danmark,1,Reg0069730,"Herloszsohn, Karl (1804–1849)",no birth year in breve-data
176,Camilla Cécilie Victoire Buntzen,1790,1871,Danmark,1,Reg0044380; Reg0044400; Reg0044410; Reg0044420; Reg0044430,"Buntzen, Andreas (1811–1880); Buntzen, Camillo (1817–1863); Buntzen, Edouard (1809–1885); Buntzen, Georg (1816–1847); Buntzen, Heinrich (1803–1892)",no HCA candidate with this birth year
101,Chr. H. Bille,1799,1853,Danmark,1,Reg0038150; Reg0038180,"Bille, Christian (1799–1853); Bille, Holger Adolf (1799–1866)",multiple HCA candidates share this surname+birth year
941,Carl August Schwartz,,,Danmark,1,Reg0114200; Reg0114210; Reg0114220; Reg0114230; Reg0114240,"Schwartz, Athalia (1821–1871); Schwartz, Ferdinand von (1813–1883); Schwartz, J. A. (1820–1874); Schwartz, Marie Esperance von, f. Brandt (1818–1899); Schwartz, Otto (1822–1902)",no birth year in breve-data
1122,Johanne Zimmermann,,,Tyskland,1,Reg0131390; Reg0131400; Reg0131410,"Zimmermann, August Albert (1808–1888); Zimmermann, Clemens von (1788–1869); Zimmermann, Johanne, Frue",no birth year in breve-data
1145,Johanna Charlotte Frommann,1765,1830,Tyskland,1,Reg0059750; Reg0059760,"Frommann, Johanna Charlotte, f. Wesselhöft (1765–1830); Frommann, Karl Friedrich Ernst (1765–1837)",multiple HCA candidates share this surname+birth year
461,Nathalie v. Herder,,,Danmark,1,Reg0069670; Reg0069680; Reg0069690; Reg0069700,"Herder, Adele Luise Wilhelmine Pauline von (1831–?); Herder, Adele Maria Theresia von (1827–?); Herder, Johann Gottfried von (1744–1803); Herder, Wolfgang von, Friherre (1810–1853)",no birth year in breve-data
311,Anton v. Etzel,1821,1870,Tyskland,1,Reg0055990,"Etzel, Anton von",no HCA candidate with this birth year
344,Knud Gad,1797,1870,Danmark,1,Reg0060360; Reg0060370,"Gad, Knud (1797–1870); Gad, P. G. Stenersen (1797–1851)",multiple HCA candidates share this surname+birth year
503,Joanna Horner,,,Danmark,1,Reg0073080,"Horner, Leonard (1785–1864)",no birth year in breve-data
253,Stanislas David,,,Danmark,1,Reg0051440; Reg0051470; Reg0051490; Reg0051500; Reg0051510,"David, Israels anden Konge; David, Aron (1795–1868); David, Benny (1791–1884); David, C. N. (1793–1874); David, Caroline (1832–1878)",no birth year in breve-data
685,A. [H.] Mannerheim,,,Danmark,1,Reg0088650; Reg0088660,"Mannerheim, A. R., Friherre (1802–1867); Mannerheim, Maria Henrietta Elisabet, Friherreinde, f. Frestadius (1810–1896)",no birth year in breve-data
898,V. Ryge,,,Danmark,1,Reg0108620; Reg0108630; Reg0108640,"Ryge, Immanuel (1813–1891); Ryge, Immanuela Rosalia Decima Tertia (1830–1873); Ryge, J. G. (1780-1842)",no birth year in breve-data
523,Eline Høegh-Guldberg,,,Danmark,1,Reg0074170; Reg0074180; Reg0074200; Reg0074210; Reg0074220,"Høegh-Guldberg, Anna Dorothea, f. von Munthe af Morgenstierne (1774–1766); Høegh-Guldberg, Christian (1777–1867); Høegh-Guldberg, Frederik (1771–1852); Høegh-Guldberg, Hanne, f. Bilsted (1812–1871); Høegh-Guldberg, Ove Christopher (1805–1869)",no birth year in breve-data
34,C.A. Ancker,1828,1857,Danmark,1,Reg0031750,"Ancker, Anders (1801–1854)",no HCA candidate with this birth year
845,Thorvald E. Rasmussen,,,Danmark,1,Reg0104250; Reg0104280; Reg0104290; Reg0104300; Reg0104310,"Rasmussen, Frk.; Rasmussen, August (1838–1922); Rasmussen, Frederik; Rasmussen, H. (død 1900, 79 år gl.); Rasmussen, Helga (1847–1900)",no birth year in breve-data
977,Mary Greenleaf Stallknecht,1823,1903,USA,1,Reg0117510,"Stallknecht, Frue",no HCA candidate with this birth year
165,Hans Herman Bruun,1810,1861,Danmark,1,Reg0043560; Reg0043570; Reg0043580; Reg0043590; Reg0043600,"Bruun, A. L. (1820–1904); Bruun, August (1812–1887); Bruun, Bertel (1820–1894); Bruun, Gamillo (1818–1880); Bruun, Carl (1846–1899)",no HCA candidate with this birth year
43,Anna Anderson,,,Danmark,1,Reg0032090,"Anderson, I. C.",no birth year in breve-data
802,August Petersen,,,Danmark,1,Reg0100160; Reg0100190; Reg0100220; Reg0100230; Reg0100240,"Petersen, se også: Pedersen.; Petersen, Frøknerne; Petersen, Mile; Petersen, Skuespiller 1867, se: Dorph-Petersen.; Petersen, Adolph (1791/92–1829)",no birth year in breve-data
765,Henrik Godske Bartholomæus Nielsen,,1899,Danmark,1,Reg0096240; Reg0096260; Reg0096270; Reg0096280; Reg0096290,"Nielsen, Anna, f. Brenøe (1803–1856); Nielsen, Anna Nicoline (1841–1921); Nielsen, Anton (1827–1897); Nielsen, August (1828–1868); Nielsen, Augusta (1822–1902)",no birth year in breve-data
574,Ida Klein,,,Danmark,1,Reg0078740; Reg0078750; Reg0078760; Reg0078770; Reg0078780,"Klein, dr., og Frue; Klein, C. S. (1824–1900); Klein, Caroline, f. Serre; Klein, Louis (død 1877); Klein, Victor",no birth year in breve-data
658,Ane Dorothea Lund,,,Danmark,1,Reg0086260; Reg0086270; Reg0086280; Reg0086290; Reg0086300,"Lund, Augusta Charlotte Petrine, f. Heilmann (1810–1887); Lund, Axelline, f. Mørch (1836–1918); Lund, Chr., Digter, se: Lund, O. G.; Lund, Christian (1785–1845); Lund, Christian (1836–1894)",no birth year in breve-data
435,Haxthausen.,,,Danmark,1,Reg0067850; Reg0067860; Reg0067870; Reg0067880; Reg0067890,"Haxthausen, Emil (1807–1889); Haxthausen, Frederik Julius (1810–1877); Haxthausen, Frederik Vilhelm August (1806–1889); Haxthausen, Henrich, Baron (1831–1900); Haxthausen, Maximilian Wilhelm, Baron (1783–1862)",no birth year in breve-data
823,Amalia Price,1831,1892,Danmark,1,Reg0102800; Reg0102860,"Price, Amalie (1831–1892); Price, Juliette (1831–1906)",multiple HCA candidates share this surname+birth year
154,L. C. Brinck-Seidelin,1787,1865,Danmark,1,Reg0042430; Reg0042440,"Brinck-Seidelin, Hans Didrik (1780–1831); Brinck-Seidelin, Maria Ghristophina, f. von Westen (1777–1860)",no HCA candidate with this birth year
409,Amalie Hansen,,,Danmark,1,Reg0065830; Reg0065870; Reg0065910; Reg0065920; Reg0065930,"Hansen (1862), se: Matthison-Hansen, Hans.; Hansen, Frøken; Hansen, Adolf (1850–1908); Hansen, Albert; Hansen, Aleth (1817–1889)",no birth year in breve-data
379,Rich. Griffin,,,Danmark,1,Reg0063140; Reg0063150,"Griffin, G. W.; Griffin, Virgiline",no birth year in breve-data
720,Poul Mendelssohn-Bartholdy,,,Danmark,1,Reg0090920,"Mendelssohn-Bartholdy, Felix (1809–1847)",no birth year in breve-data
20473,"Caroline von Berge,",,1865,Tyskland,1,Reg0036980,"Berge, Fru von (død 1865)",no birth year in breve-data
181,J. Wm. Bushby,,,England,1,Reg0044550; Reg0044560,"Bushby, Mr.; Bushby, Mrs. Anne S. (død 1875)",no birth year in breve-data
315,B. J. Feisthamel,,,Schweiz,1,Reg0057080,"Feisthamel, J.",no birth year in breve-data
1010,Maria Elisa Tang,1807,1885,Danmark,1,Reg0120770; Reg0120780; Reg0120790; Reg0120800; Reg0120820,"Tang, A. E. M. (1803–1868); Tang, Anne Christine, f. Harpøth (1806–1880); Tang, Christen Noe (1801–1886); Tang, Jeppe (1828–1904); Tang, Mathilde (1846–1916)",no HCA candidate with this birth year
439,William Chr. Heggelund,,,Danmark,1,Reg0068330,"Heggelund, Frue",no birth year in breve-data
481,Holm,,,Danmark,1,Reg0071570; Reg0071600; Reg0071610; Reg0071620; Reg0071640,"Holm, Frøknerne; Holm, Anders Gustaf (1786–1852); Holm, Anders Krag (1767–1851); Holm, Anna (1838–1872); Holm, Augusta, f. Aagesen (1822–1912)",no birth year in breve-data
746,Bertha Murjahn,1843,,Danmark,1,Reg0094010,"Murjahn, Bertha (1843–?)",no HCA candidate with this birth year
616,Signe Rigmor Larsen,,,Danmark,1,Reg0082520; Reg0082540; Reg0082550; Reg0082560; Reg0082570,"Larsen, Anna Maria, f. Martensen (1841–1888); Larsen, Carl Harald Julius (1831–1894); Larsen, Christian; Larsen, Christine Sophie, f. Helweg (1822–1878); Larsen, Eline Christine Barbara (1829–1914)",no birth year in breve-data
193,Hans Carlsen,1810,1887,Danmark,1,Reg0045770; Reg0045780; Reg0045790,"Carlsen, C. (1813–1899); Carlsen, Emmy (1842–1912); Carlsen, Franziska (1817–1876)",no HCA candidate with this birth year
581,A. C. Knudsen,,,Danmark,1,Reg0079040; Reg0079060; Reg0079070; Reg0079080; Reg0079090,"Knudsen, Frøken; Knudsen, A. A. (1815–1889); Knudsen, Adelheid Wilhelmine, f. Hall (1823–1900); Knudsen, Adrian Benoni (1806–1879); Knudsen, Christian Hendrik (1794–1851)",no birth year in breve-data
582,I. Knudsen,,,Danmark,1,Reg0079040; Reg0079060; Reg0079070; Reg0079080; Reg0079090,"Knudsen, Frøken; Knudsen, A. A. (1815–1889); Knudsen, Adelheid Wilhelmine, f. Hall (1823–1900); Knudsen, Adrian Benoni (1806–1879); Knudsen, Christian Hendrik (1794–1851)",no birth year in breve-data
465,Stefan Herzfeld,,,Østrig,1,Reg0070070,"Herzfeld, Adolf (1800–1874)",no birth year in breve-data
680,M. P. Madsen,,,Danmark,1,Reg0088080; Reg0088100; Reg0088110; Reg0088120; Reg0088130,"Madsen, se også: Matzen.; Madsen, Jomfru; Madsen, Jfr.; Madsen, Nordmand; Madsen, A. S. (død 1888)",no birth year in breve-data
819,Manuel Maria Portella,,,Portugal,1,Reg0102100,"Portella, Manuel Maria",no birth year in breve-data
682,Léon Mallefille,,,Frankrig,1,Reg0088410; Reg0088420,"Mallefille, Félicien (1813–1868); Mallefille, Léon",no birth year in breve-data
433,Prosper Haulleville,,1898,Belgien,1,Reg0067770; Reg0067780,"Haulleville, Melusine Charlotte Julie Wilhelmine, Baronesse, f. von Piessen (1828–1892); Haulleville, Prosper, Baron (død 1898)",no birth year in breve-data
205,Jens Christensen,1845,,Danmark,1,Reg0047400; Reg0047410; Reg0047440; Reg0047460; Reg0047470,"Christensen, Frk.; Christensen, Frk.; Christensen, Madam; Christensen, dansk Officer, se: Christiansen, Eduard.; Christensen, Skolelærer i Slangerup 1865, se: Carstensen, Eduard.",no HCA candidate with this birth year
549,Hans Johansen,,,Danmark,1,Reg0076250,"Johansen, Erik (1832–1907)",no birth year in breve-data
993,G. Strachey,,,England,1,Reg0118860; Reg0118870,"Strachey, Mrs.; Strachey, George",no birth year in breve-data
539,Johan Jensen,,,Danmark,1,Reg0075520; Reg0075550; Reg0075560; Reg0075570; Reg0075580,"Jensen, Frk.; Jensen, Anna Jacobine (f. 15.8.1865); Jensen, Bemth (1803–1879); Jensen, C. A. (1792–1870); Jensen, C. W. (1822–1891)",no birth year in breve-data
245,Adam Dan,1848,1931,Danmark,1,Reg0050320,"Dan, Adam, se: Pedersen, Niels.",no HCA candidate with this birth year
695,C. G. Barclay Meidell,,,Danmark,1,Reg0090130,"Meidell, C. G. B. (1811–1891)",no birth year in breve-data
608,Anna Ladewig,,,Tyskland,1,Reg0081780,"Ladewig, Anna",no birth year in breve-data
803,Henr. Georg Petersen,,,Danmark,1,Reg0100160; Reg0100190; Reg0100220; Reg0100230; Reg0100240,"Petersen, se også: Pedersen.; Petersen, Frøknerne; Petersen, Mile; Petersen, Skuespiller 1867, se: Dorph-Petersen.; Petersen, Adolph (1791/92–1829)",no birth year in breve-data
757,Vilhelm Møller,1846,1904,Danmark,1,Reg0094920; Reg0095180,"Møller, Elvilda Antonia Victoria (1846–1934); Møller, Vilhelm (1846–1904)",multiple HCA candidates share this surname+birth year
19654,Adolph Ludvig Køppen,1804,1873,,1,Reg0081570; Reg0081580,"Køppen, Adolph Ludvig (1804–ca. 1873); Køppen, Lovise (1803–1876)",no HCA candidate with this birth year
703,"Emilie (Mille), f. Henriques Melchior",1810,1877,Danmark,1,Reg0090410; Reg0090420; Reg0090430; Reg0090440; Reg0090450,"Melchior, Familien; Melchior, Anna (1853–1881); Melchior, Augusta (1859–1918); Melchior, Birgitte, f. Israel (1792–1855); Melchior, Birgitte (1858–1938)",no HCA candidate with this birth year
872,Frank L. Robbins,,,Danmark,1,Reg0106390,"Robbins, Frank L.",no birth year in breve-data
629,Lévy,,,Danmark,1,Reg0084250; Reg0084260; Reg0084270; Reg0084280; Reg0084290,"Levy, Adolf (1845–1897); Levy, Carl (1808–1865); Levy, Clementina, f. Gavaron (1840–1915); Levy, Emil (1841–?); Levy, Julie (1846–1916)",no birth year in breve-data
955,P. F. Siebold,1828,,Tyskland,1,Reg0115290; Reg0115300; Reg0115310,"Siebold, Antonie von, f. Nôldechen; Siebold, Karl Theodor Ernst von (1804–1885); Siebold, P. F. (ca. 1828–?)",no HCA candidate with this birth year
934,Schultz,,,Danmark,1,Reg0113830; Reg0113840; Reg0113850; Reg0113860; Reg0113870,"Schultz, Frue; Schultz, A. (1797–1875); Schultz, Adolph Ludvig Gustav Philip (død 1845, 31 år gl.); Schultz, Chr. Wilh. Carl (1833–1909); Schultz, Henrich Wilhelm (1808–1855)",no birth year in breve-data
731,Victor Molard,,,Frankrig,1,Reg0092220,"Molard, Victor",no birth year in breve-data
784,Nicolaj Valdemar Olsen,,,Danmark,1,Reg0097770; Reg0097780; Reg0097810; Reg0097820; Reg0097830,"Olsen, Mile; Olsen, Camilla Frederikke Christiane (1838–1903); Olsen, F. C. (1802–1874); Olsen, Herman Carøe (død 1870); Olsen, Mathilde (1834–1916)",no birth year in breve-data
1074,Caspar Frederik Johansen Wegener,1851,1930,Danmark,1,Reg0127770; Reg0127780; Reg0127790; Reg0127800,"Wegener, C. F. (1802–1893); Wegener, Caroline Mathilde, f. Jacobsen (1806–1897); Wegener, Jens Frederik Christian (1812–1864); Wegener, Theodor (1817–1877)",no HCA candidate with this birth year
1033,L. Tissier,,,Frankrig,1,Reg0122740,"Tissier, L.",no birth year in breve-data
1107,Kate Wood,,,Danmark,1,Reg0130280; Reg0130290; Reg0130300,"Wood, Miss; Wood, Annie; Wood, Bradford R. (1800–1889)",no birth year in breve-data
1155,Lily Wood,,,England,1,Reg0130280; Reg0130290; Reg0130300,"Wood, Miss; Wood, Annie; Wood, Bradford R. (1800–1889)",no birth year in breve-data
1156,Mary Wood,,,England,1,Reg0130280; Reg0130290; Reg0130300,"Wood, Miss; Wood, Annie; Wood, Bradford R. (1800–1889)",no birth year in breve-data
903,"Carl Sacht,",,,Danmark,1,Reg0109680,"Sacht, Carl",no birth year in breve-data
320,M. A. Fischer,,,Danmark,1,Reg0057650; Reg0057660; Reg0057680; Reg0057700; Reg0057710,"Fischer, se også: Fisker.; Fischer, Frøken; Fischer, Charlotte Dorothea, f. Schweffel (1784–1855); Fischer, Louis (1784–1845); Fischer, Maximilian",no birth year in breve-data
559,Jørgen Jørgensen,,,Danmark,1,Reg0077220; Reg0077280; Reg0077290; Reg0077300; Reg0077310,"Jørgensen (1833), se: Jürgensen, Louis Urban.; Jørgensen, Agnes Johanne Marie (1853–?); Jørgensen, Anna Margrethe (1805–1882); Jørgensen, B. S. (1815–1888); Jørgensen, Charlotte, f. Fabricius (1839–1913)",no birth year in breve-data
545,U. Jerndorff,,,Danmark,1,Reg0075880; Reg0075890; Reg0075900; Reg0075910; Reg0075920,"Jerndorff, Frk.; Jerndorff, August (1846–1906); Jerndorff, Just Ulrik (1806–1847); Jerndorff, Nancy Caroline, f. Jones (1809–1877); Jerndorff, Peter (1842–1926)",no birth year in breve-data
694,Reinhold Meiborg,1811,1891,Danmark,1,Reg0090120,"Meiborg, Christopher (1857–?)",no HCA candidate with this birth year
148,Johanne Henriette Jacobe Bredsdorff,1797,1888,Danmark,1,Reg0042080; Reg0042090; Reg0042100; Reg0042110; Reg0042120,"Bredsdorff, Chr. (1836–1892); Bredsdorff, Hanne (1840–1906); Bredsdorff, Jacob Hornemann (1790–1841); Bredsdorff, Petrine, f. Møller (1801–1859); Bredsdorff, Ulrikke Palline Wilhelmine (1799–1883)",no HCA candidate with this birth year
149,Martine Eline Bredsdorff,1806,1888,Danmark,1,Reg0042080; Reg0042090; Reg0042100; Reg0042110; Reg0042120,"Bredsdorff, Chr. (1836–1892); Bredsdorff, Hanne (1840–1906); Bredsdorff, Jacob Hornemann (1790–1841); Bredsdorff, Petrine, f. Møller (1801–1859); Bredsdorff, Ulrikke Palline Wilhelmine (1799–1883)",no HCA candidate with this birth year
20028,Sidney T. Miller,1864,1941,,1,Reg0091930,"Miller, Jens Peter (1800–1864)",no HCA candidate with this birth year
988,Heinrich Steffens,1773,1845,Danmark,1,Reg0117960; Reg0117970,"Steffens, Henrich (1773–1845); Steffens, Henrik (1773–1845)",multiple HCA candidates share this surname+birth year
615,José Larramendi,,,Spanien,1,Reg0082430; Reg0082440,"Larramendi, Donna; Larramendi, José",no birth year in breve-data
1027,Frederik Thaarup,1766,1845,Danmark,1,Reg0121390,"Thaarup, Christen (1795–1849)",no HCA candidate with this birth year
763,August Nielsen,1828,1868,Danmark,1,Reg0096280; Reg0096430,"Nielsen, August (1828–1868); Nielsen, Jens Peter (1828–1893)",multiple HCA candidates share this surname+birth year
499,Susan Horner,,,England,1,Reg0073080,"Horner, Leonard (1785–1864)",no birth year in breve-data
502,Anne Horner,,,Danmark,1,Reg0073080,"Horner, Leonard (1785–1864)",no birth year in breve-data
113,Carl Blessig,1814,1881,Tyskland,1,Reg0039220,"Blessig, Alex (1820–1856)",no HCA candidate with this birth year
612,Dorthea Lange,1804,1882,Danmark,1,Reg0082020; Reg0082040; Reg0082050; Reg0082070; Reg0082080,"Lange, Agnes (1841–1903); Lange, Chr. Th. S. (1819–1879); Lange, Daniel (1815–?); Lange, Eline, f. Bredsdorff (1835–1912); Lange, H. W. (1815–1873)",no HCA candidate with this birth year
1080,Andreas Christian Wendelboe,1805,1835,Danmark,1,Reg0128150,"Wendelboe, Søren (1775–1852)",no HCA candidate with this birth year
460,Adolophine Andrea Herbst,1806,1851,Danmark,1,Reg0069610; Reg0069620; Reg0069640; Reg0069650,"Herbst, Frøknerne; Herbst, Adelgunde (1811–1892); Herbst, Christian (1818–1911); Herbst, Michael Johan Christian (1775–1830)",no HCA candidate with this birth year
491,Henriette von Holstein,1804,1861,Danmark,1,Reg0072040; Reg0072050; Reg0072060; Reg0072080; Reg0072090,"Holstein, Frøknerne; Holstein, Anna Elisa, f. Wiihm (1800–1866); Holstein, Bodild, Komtesse (1852–1927); Holstein, Carl Johan Emil Nicolaj von (1847–1907); Holstein, Christian, Greve (1826–1891)",no HCA candidate with this birth year
296,Christiane (Jane) Severine Ebbesen,,,Danmark,1,Reg0054500; Reg0054510,"Ebbesen, Niels (død 1340); Ebbesen, Nora, se: Esbensen, Eleonora.",no birth year in breve-data
989,Harald Stenfeldt,1809,1835,Danmark,1,Reg0118210,"Stenfeldt, J. A. (1783–1858)",no HCA candidate with this birth year
53,Lars Bache,1810,1853,Danmark,1,Reg0033600; Reg0033620; Reg0033630; Reg0033640,"Bache, se også: Bagge.; Bache, Andrea Kirstine Martine, f. Kjerulf (død 1905, 74 år gl.); Bache, Carl Gustav (1832–1896); Bache, Otto Frederik (1845–1943)",no HCA candidate with this birth year
752,Hans Peter Christian Møller,1810,1845,Danmark,1,Reg0094730; Reg0094760; Reg0094770; Reg0094790; Reg0094820,"Møller, se også: Müller.; Møller, Frøken; Møller, Frøken; Møller, Komponist, se: Lange-Müller, P. E.; Møller, Albrecht Carl Adolph From (1803–1884)",no HCA candidate with this birth year
480,Emil Holm,,,Danmark,1,Reg0071570; Reg0071600; Reg0071610; Reg0071620; Reg0071640,"Holm, Frøknerne; Holm, Anders Gustaf (1786–1852); Holm, Anders Krag (1767–1851); Holm, Anna (1838–1872); Holm, Augusta, f. Aagesen (1822–1912)",no birth year in breve-data
548,Benny Joelsson,1813,1844,Danmark,1,Reg0076150; Reg0076160,"Joelsson, Isac (død 1846); Joelsson, Julie, f. Cantor (1801–1877)",no HCA candidate with this birth year
972,Pehr Georg Sparre,1790,1871,Sverige,1,Reg0116890; Reg0116900; Reg0116910,"Sparre, Bo Grip Bleckert, Friherre (1841–1868); Sparre, Lars Erik Georg, Greve (1825–1891); Sparre, Sigrid, Friherreinde (1825–1910)",no HCA candidate with this birth year
19887,Blichfeldt,,,,1,Reg0039260,"Blichfeldt, Hans Jacob (1824–1849)",no birth year in breve-data
202,Christen Christensen,1806,1845,Danmark,1,Reg0047510; Reg0047620,"Christensen, Christen (1806–1845); Christensen, Sophie Dorothea, f. Byrholdt (1806–1870)",multiple HCA candidates share this surname+birth year
1070,Max Maria von Weber,1822,1881,Tyskland,1,Reg0127280; Reg0127290; Reg0127300; Reg0127310; Reg0127320,"Weber, Ane Christine Elisabeth, f. Hansen (1821–1904); Weber, Anna Dorothea (1855–1885); Weber, C. (død 1897, 79 år gl.); Weber, Carl Maria von (1786–1826); Weber, Chr. H. T. (1824–1887)",no HCA candidate with this birth year
1073,Jens Ernst Wegener,1781,1846,Danmark,1,Reg0127770; Reg0127780; Reg0127790; Reg0127800,"Wegener, C. F. (1802–1893); Wegener, Caroline Mathilde, f. Jacobsen (1806–1897); Wegener, Jens Frederik Christian (1812–1864); Wegener, Theodor (1817–1877)",no HCA candidate with this birth year
527,Julius Antonio Valdemar Høyer,1830,1867,Danmark,1,Reg0074410; Reg0074420; Reg0074430,"Høyer, Franciska Dorothea (1791–1862); Høyer, Julius A. W.; Høyer, Oline Petrine Kirstine (1813–1885)",no HCA candidate with this birth year
20331,Johann Heinrich Hennecke,1770,,Tyskland,1,Reg0069160; Reg0069170; Reg0069180,"Hennecke, Eliza Frederika, f. Bentzon (1809–1865); Hennecke, Johann Heinrich; Hennecke, Johann Heinrich Erdwin (død 1855)",no HCA candidate with this birth year
19660,Henriette (Jette) Louise Boye,1822,09-0,Norge,1,Reg0041020; Reg0041030; Reg0041040; Reg0041050; Reg0041060,"Boye, se også: Böie.; Boye, A. E. (1784–1851); Boye, Adolph Johannes (1825–1892); Boye, Adolph Jonas (1823–1891); Boye, Albertine (1842–1931)",no HCA candidate with this birth year
19680,Minna Mosen,,1880,Tyskland,1,Reg0093470; Reg0093480; Reg0093490,"Mosen, Erich (1841–1870); Mosen, Julius (1803–1867); Mosen, Minna, f. Jungwirth (død 1880)",no birth year in breve-data
19685,Termann Øllgaard Hillerup,1796,1863,Danmark,1,Reg0070600; Reg0070610,"Hillerup, F. G. (1793–1861); Hillerup, Niels Frederik (død 1819, 66 år gl.)",no HCA candidate with this birth year
19691,(Elisabeth) Marie Claudine Bruun,1850,,Danmark,1,Reg0043560; Reg0043570; Reg0043580; Reg0043590; Reg0043600,"Bruun, A. L. (1820–1904); Bruun, August (1812–1887); Bruun, Bertel (1820–1894); Bruun, Gamillo (1818–1880); Bruun, Carl (1846–1899)",no HCA candidate with this birth year
19703,Robert Drummond Hay,1846,1925,,1,Reg0053840,"Drummond-Hay, se: Hay.",no HCA candidate with this birth year
19717,Eugen Pedersen,1840,1930,,1,Reg0099520; Reg0099540; Reg0099570; Reg0099580; Reg0099590,"Pedersen, se også: Petersen.; Pedersen, Dr., se: Petersen, Nicolaus.; Pedersen, Adolphine, f. Pedersen (1817–1892); Pedersen, Andreas Vilhelm (1809–1856); Pedersen, Camilla (1851–?)",no HCA candidate with this birth year
19724,Christian Schmidt,1822,1865,Danmark,1,Reg0112720; Reg0112850,"Schmidt, Christian (1822–1865); Schmidt, Thora, f. Sønderskou (1822–1909)",multiple HCA candidates share this surname+birth year
19860,Hans Christian Petersen,,1889,,1,Reg0100160; Reg0100190; Reg0100220; Reg0100230; Reg0100240,"Petersen, se også: Pedersen.; Petersen, Frøknerne; Petersen, Mile; Petersen, Skuespiller 1867, se: Dorph-Petersen.; Petersen, Adolph (1791/92–1829)",no birth year in breve-data
19754,Christian Eriksen,,,Danmark,1,Reg0055660,"Eriksen, Christian",no birth year in breve-data
19759,Marianne Johanne Schwanenfeld,1791,1867,Tyskland,1,Reg0114150; Reg0114160,"Schwanenfeld, Emma von, f. von Wilamowitz (død 1876); Schwanenfeld, Friedrich von(1783–1855)",no HCA candidate with this birth year
19760,Marianne Vilhelmine Rosing,1824,1896,,1,Reg0107520; Reg0107540; Reg0107550,"Rosing, Agnes, f. Dunlop (1830–1908); Rosing, Johanne, f. Olsen (1756–1853); Rosing, Michael (1830–1904)",no HCA candidate with this birth year
19768,Christine Charlotte Louise von Schleppegrell,1774,1841,,1,Reg0112330; Reg0112340,"Schleppegrell, F. A. (1792–1850); Schleppegrell, F. A. d. Y. (1838–1905)",no HCA candidate with this birth year
19769,Birgitte Sophie Hillerup,1806,,Danmark,1,Reg0070600; Reg0070610,"Hillerup, F. G. (1793–1861); Hillerup, Niels Frederik (død 1819, 66 år gl.)",no HCA candidate with this birth year
19755,Ingeborg Berner,1861,23-1,Danmark,1,Reg0037230; Reg0037240; Reg0037250; Reg0037260; Reg0037270,"Berner, Amalia, f. Bügel (1804–1842); Berner, August (1826–1898); Berner, Betzy, f. Wright (død 1914, 80 år gl.); Berner, Emma Lucine, f. Modeweg (1824–1871); Berner, Gottlob (1823–1914)",no HCA candidate with this birth year
19810,Sara Geertruida van de Wal,1839,,Holland,1,Reg0126450; Reg0126460,"Wal, Anna Susanna van de, f. Tadsen (1801–1880); Wal, Sara Geertruida (1859–?)",no HCA candidate with this birth year
19813,R. J. F. Henrichsen,1800,1871,Danmark,1,Reg0069260; Reg0069280,"Henrichsen, Ane, f. Basse (1800–1873); Henrichsen, R. J. F. (1800–1871)",multiple HCA candidates share this surname+birth year
19815,Lauritz Christian Bendz,1748,,Danmark,1,Reg0036400; Reg0036410,"Bendz, H. C. B. (1806–1882); Bendz, Wilhelm (1804–1832)",no HCA candidate with this birth year
19839,Hans Anders Hansen,1818,1872,Danmark,1,Reg0065830; Reg0065870; Reg0065910; Reg0065920; Reg0065930,"Hansen (1862), se: Matthison-Hansen, Hans.; Hansen, Frøken; Hansen, Adolf (1850–1908); Hansen, Albert; Hansen, Aleth (1817–1889)",no HCA candidate with this birth year
19840,Christiane (Jane) Hanck,1808,1881,Danmark,1,Reg0065660; Reg0065670; Reg0065700; Reg0065710,"Hanck, Madam; Hanck, Caroline (1816–1901); Hanck, J. H. T. (1776–1840); Hanck, Madseline, f. Iversen (1788–1851)",no HCA candidate with this birth year
19845,Johan Wilhelm August Beck,1808,1885,Danmark,1,Reg0035720; Reg0035730; Reg0035740; Reg0035750,"Beck, Carl (1817–1879); Beck, Claudia, f. Jensen (1816–1887); Beck, Hans (1861–1952); Beck, Hans Vilhelm (1812–1874)",no HCA candidate with this birth year
19851,Carl de Geer,,,Sverige,1,Reg0061180,"Geer, se: De Geer.",no birth year in breve-data
19857,Johan Frederik Vilhelm Schlegel,1765,1836,Danmark,1,Reg0112240; Reg0112250; Reg0112260; Reg0112270; Reg0112280,"Schlegel, August Wilhelm (1767–1845); Schlegel, Carl Frederik Adolph (1809–1878); Schlegel, Cornelia, f. Buddingh (1815–1864); Schlegel, Frederik (1817–1896); Schlegel, Hermann (1804–1884)",no HCA candidate with this birth year
19861,Juliane Thyberg,1835,1867,Danmark,1,Reg0122270; Reg0122370,"Thyberg, Tybjerg.; Thyberg, Oline, f. Falenkam (1781–1853)",no HCA candidate with this birth year
804,Jens Christian Petersen,1814,1883,Danmark,1,Reg0100160; Reg0100190; Reg0100220; Reg0100230; Reg0100240,"Petersen, se også: Pedersen.; Petersen, Frøknerne; Petersen, Mile; Petersen, Skuespiller 1867, se: Dorph-Petersen.; Petersen, Adolph (1791/92–1829)",no HCA candidate with this birth year
19877,Cecilie Holm,,,,1,Reg0071570; Reg0071600; Reg0071610; Reg0071620; Reg0071640,"Holm, Frøknerne; Holm, Anders Gustaf (1786–1852); Holm, Anders Krag (1767–1851); Holm, Anna (1838–1872); Holm, Augusta, f. Aagesen (1822–1912)",no birth year in breve-data
19889,Carl Julius Uldall,1839,1892,Danmark,1,Reg0124340; Reg0124360,"Uldall, Carl Julius (1839–1892); Uldall, Fr. (1839–1921)",multiple HCA candidates share this surname+birth year
20293,Birgitte Melchior,1858,1938,Danmark,1,Reg0090450; Reg0090570,"Melchior, Birgitte (1858–1938); Melchior, Gustav (1858–1899)",multiple HCA candidates share this surname+birth year
19899,Peter E. Petersen,1805,1872,Danmark,1,Reg0100280; Reg0100510,"Petersen, Børge (1805–1879); Petersen, Peter E. (1805–1872)",multiple HCA candidates share this surname+birth year
19900,Neumann,,,Danmark,1,Reg0096010; Reg0096030,"Neumann, Frue; Neumann, Sophus (1846–1912)",no birth year in breve-data
19902,Dagmar Dahl,1849,,Norge,1,Reg0049830; Reg0049840; Reg0049850; Reg0049860; Reg0049870,"Dahl, Balduin (1834–1891); Dahl, Constance Maria, f. Døderlein (1817–1897); Dahl, Dagmar (1849–?); Dahl, Emma, f. Freyse-Sessi (1819–1896); Dahl, Fr. C. B. (1822–1920)",no HCA candidate with this birth year
19909,Ane Marie Pedersen,1805,,,1,Reg0099520; Reg0099540; Reg0099570; Reg0099580; Reg0099590,"Pedersen, se også: Petersen.; Pedersen, Dr., se: Petersen, Nicolaus.; Pedersen, Adolphine, f. Pedersen (1817–1892); Pedersen, Andreas Vilhelm (1809–1856); Pedersen, Camilla (1851–?)",no HCA candidate with this birth year
19912,N. Torp,,,Danmark,1,Reg0122990; Reg0123000; Reg0123010,"Torp, Carl (1798–1869); Torp, Franz Louis (1818–1894); Torp, Freya (ca. 1819–?)",no birth year in breve-data
19913,Agnes Ross,,,Skotland,1,Reg0107570; Reg0107590; Reg0107600,"Ross, Miss; Ross, Sir John (1777–1856); Ross, Ludwig (1806–1859)",no birth year in breve-data
19915,Peter Waldemar Emil Dahl,1823,1872,Danmark,1,Reg0049930; Reg0049950,"Dahl, Peter Waldemar Emil (1823–1872); Dahl, William (1823–1884)",multiple HCA candidates share this surname+birth year
19917,Karl Heuberger,1790,1882,Tyskland,1,Reg0070310; Reg0070320,"Heuberger, Karl (1790–efter 1882); Heuberger, Mathilde",no HCA candidate with this birth year
19926,Poulsen,,,,1,Reg0102320; Reg0102360; Reg0102380; Reg0102390; Reg0102410,"Poulsen, se også: Paulsen.; Poulsen, Anna, f. Næser (1849–1934); Poulsen, Emil (1842–1911); Poulsen, Emilie, f. Bryde (1846–1909); Poulsen, Ingeborg Dorothea, f. Rafn (1798–1854)",no birth year in breve-data
19928,J. Kayser,1813,1853,Belgien,1,Reg0077910; Reg0077920; Reg0077930,"Kayser, G. J. H. (1811–1870); Kayser, Harald (1817–1895); Kayser, J. (ca. 1813–53)",no HCA candidate with this birth year
20011,Oskar Edvard Alfred Lagerheim,1837,1886,Sverige,1,Reg0081830; Reg0081840; Reg0081860; Reg0081870; Reg0081880,"Lagerheim, Charlotta Adelaide, Friherreinde, f. Schwan (1804–1878); Lagerheim, Charlotta Eugenia Lovisa Augusta, Friherreinde (1828–1892); Lagerheim, Elias, Friherre (1791–1864); Lagerheim, Elias, Friherre (1830–1914); Lagerheim, Julius, Friherre (1786–1868)",no HCA candidate with this birth year
20012,Fredrik Albert August Frans Lagerheim,1837,1886,Sverige,1,Reg0081830; Reg0081840; Reg0081860; Reg0081870; Reg0081880,"Lagerheim, Charlotta Adelaide, Friherreinde, f. Schwan (1804–1878); Lagerheim, Charlotta Eugenia Lovisa Augusta, Friherreinde (1828–1892); Lagerheim, Elias, Friherre (1791–1864); Lagerheim, Elias, Friherre (1830–1914); Lagerheim, Julius, Friherre (1786–1868)",no HCA candidate with this birth year
20013,Emil Devrient,1803,1872,Tyskland,1,Reg0052320; Reg0052350,"Devrient, Emil (1803–1872); Devrient, Therese, f. Schlesinger (1803–1882)",multiple HCA candidates share this surname+birth year
20044,Anthon Smidth,1809,1868,Danmark,1,Reg0116040; Reg0116090,"Smidth, Anthon (1809–1868); Smidth, Peder Hersleb Classen (1809–1869)",multiple HCA candidates share this surname+birth year
20061,Charlotte von Gerdislaw,,,Tyskland,1,Reg0061410,"Gerdislaw, Charlotte von",no birth year in breve-data
20062,Edward Robinson,1794,1863,,1,Reg0106470; Reg0106480; Reg0106490,"Robinson, E.; Robinson, Mary A.; Robinson, Therese A. L., f. von Jacob (1797–1870)",no HCA candidate with this birth year
20074,Markus Martin Henriques,1775,1857,Danmark,1,Reg0069380; Reg0069390; Reg0069400; Reg0069410; Reg0069420,"Henriques, Anna (1855–1921); Henriques, Aron R. (1824–1908); Henriques, Edmond S. (1860–1910); Henriques, Emma, f. Meyersohn (1838–1930); Henriques, Eva, f. Henriques (1798–1882)",no HCA candidate with this birth year
20078,Albert Herman Peter Gabriel Delong,1798,1865,Danmark,1,Reg0052110; Reg0052120,"Delong, Albert Herman Peter Gabriel (1797–1865); Delong, Frue, f. Tugnot Delanoy",no HCA candidate with this birth year
20080,Gustav Schram,1802,1865,Danmark,1,Reg0113570; Reg0113590; Reg0113600,"Schram, se også: Skram.; Schram, Orpheline (1845–1910); Schram, Peter (1819–1895)",no HCA candidate with this birth year
20094,Knud Christian Nielsen,1798,1872,Danmark,1,Reg0096240; Reg0096260; Reg0096270; Reg0096280; Reg0096290,"Nielsen, Anna, f. Brenøe (1803–1856); Nielsen, Anna Nicoline (1841–1921); Nielsen, Anton (1827–1897); Nielsen, August (1828–1868); Nielsen, Augusta (1822–1902)",no HCA candidate with this birth year
20126,James Fingal Møller,1816,1881,Danmark,1,Reg0094880; Reg0095000; Reg0095010; Reg0095020,"Møller, Daniel Christian (1816–1904); Møller, James Fingal (1816–1881); Møller, Jens Georg Marius (1816–1891); Møller, Jens Peter (1816–1884)",multiple HCA candidates share this surname+birth year
20132,Elisabeth Wood,,,,1,Reg0130280; Reg0130290; Reg0130300,"Wood, Miss; Wood, Annie; Wood, Bradford R. (1800–1889)",no birth year in breve-data
20134,Agnes Lange,1841,1903,Danmark,1,Reg0082020; Reg0082190,"Lange, Agnes (1841–1903); Lange, Ludvig Classen (1841–1883)",multiple HCA candidates share this surname+birth year
20141,Karen Sophie Larsen,1799,,Danmark,1,Reg0082520; Reg0082540; Reg0082550; Reg0082560; Reg0082570,"Larsen, Anna Maria, f. Martensen (1841–1888); Larsen, Carl Harald Julius (1831–1894); Larsen, Christian; Larsen, Christine Sophie, f. Helweg (1822–1878); Larsen, Eline Christine Barbara (1829–1914)",no HCA candidate with this birth year
20381,Frau Lutz,,,Tyskland,1,Reg0086700; Reg0086710; Reg0086720,"Lutz, Carlotta; Lutz, Elisabeth; Lutz, Marietta",no birth year in breve-data
20142,Joachim Frederik Schouw,1789,1852,Danmark,1,Reg0113500; Reg0113510,"Schouw, Henning Johan Petersen (1788–1870); Schouw, Titus (1834–1895)",no HCA candidate with this birth year
20153,Waldemar Bauditz,,1901,Danmark,1,Reg0035110; Reg0035120; Reg0035130; Reg0035140; Reg0035150,"Bauditz (1834), se: Baudissin.; Bauditz, Ferdinand (1846–1912); Bauditz, Julius Th. V. (1817–1885); Bauditz, Mathilde (1827–1915); Bauditz, Sophus (1850–1915)",no birth year in breve-data
20161,Frederik Frølund,,,,1,Reg0059970,"Frølund, Frederik (1806–1882)",no birth year in breve-data
20169,Georg Frederik Krüger Ursin,1797,1849,Danmark,1,Reg0124670; Reg0124680,"Ursin, A. C. (1829–1849); Ursin, Clara, f. Hansen (1828–1889)",no HCA candidate with this birth year
20175,Christian Ferslev,1802,1883,Danmark,1,Reg0057320; Reg0057330; Reg0057340; Reg0057350; Reg0057360,"Ferslev, Christian (1817–1883); Ferslev, Elisabeth Thomasine, f. Madden (1825–1899); Ferslev, Jens Laasby Michael (død 1868, 71 år gl.); Ferslev, Rasmus Winther Assens (1829–1872); Ferslev, Wilhelmine Frederikke, f. Weyhe (1814–1904)",no HCA candidate with this birth year
20179,Hermann Christian Dührssen,,,Tyskland,1,Reg0054280,"Dührssen, Herman Chr.",no birth year in breve-data
20184,Ernst Hartmann,1844,1911,Østrig,1,Reg0067160; Reg0067260,"Hartmann, Bolette, f. Puggaard (1844–1929); Hartmann, Ernst (1844–1911)",multiple HCA candidates share this surname+birth year
20193,Fitz Roy Kelly,1796,1880,England,1,Reg0078040,"Kelly, Miss, se: Keeley, Mary.",no HCA candidate with this birth year
20196,Friedrich von Holstein,1837,1909,Tyskland,1,Reg0072040; Reg0072050; Reg0072060; Reg0072080; Reg0072090,"Holstein, Frøknerne; Holstein, Anna Elisa, f. Wiihm (1800–1866); Holstein, Bodild, Komtesse (1852–1927); Holstein, Carl Johan Emil Nicolaj von (1847–1907); Holstein, Christian, Greve (1826–1891)",no HCA candidate with this birth year
20209,Johan Peter Voigt,1810,1865,Danmark,1,Reg0125890; Reg0125900; Reg0125910; Reg0125920; Reg0125930,"Voigt, Bernhard Friedrich (1781–1859); Voigt, Charlotte Emilie, f. Hansen (1838–?); Voigt, Christian (1809–1888); Voigt, Laurits Peter (1779–1859); Voigt, Laurits Peter (1864–1930)",no HCA candidate with this birth year
20215,Hedemann,,,Danmark,1,Reg0068140; Reg0068150; Reg0068160; Reg0068170; Reg0068180,"Hedemann, Anthon Rudolph (1816–1897); Hedemann, Christian Frederik (1814–1863); Hedemann, Hans (1792–1859); Hedemann, Johan (1825–1901); Hedemann, Marie, f. von der Maase (1811–1892)",no birth year in breve-data
20221,Johan Karl Kempe,1799,1872,Sverige,1,Reg0078090,"Kempe, William (omkr. 1600)",no HCA candidate with this birth year
20224,Carl Rasmussen,1841,1893,Danmark,1,Reg0104250; Reg0104280; Reg0104290; Reg0104300; Reg0104310,"Rasmussen, Frk.; Rasmussen, August (1838–1922); Rasmussen, Frederik; Rasmussen, H. (død 1900, 79 år gl.); Rasmussen, Helga (1847–1900)",no HCA candidate with this birth year
20240,Johanne Christiane Cornelia von Krogh,1825,1910,Danmark,1,Reg0080720; Reg0080730; Reg0080740; Reg0080760; Reg0080770,"Krogh, Frøknerne; Krogh, Andreas Laurits (1816–1881); Krogh, Camilla von, f. Wedel (1816–1855); Krogh, Carl von (1832–1910); Krogh, Charlotte von (1827–1913)",no HCA candidate with this birth year
20244,John Savile Lumley,1818,1896,England,1,Reg0086240,"Lumley, Benjamin (1811–1875)",no HCA candidate with this birth year
20245,William Freeland,1828,1903,England,1,Reg0058970,"Freeland, William",no HCA candidate with this birth year
20261,Auguste Wilhelmine Reichelt,1793,1879,Tyskland,1,Reg0104860,"Reichelt, Auguste Wilhelmine (1840–1907)",no HCA candidate with this birth year
20262,Sophie Magdalene Schilden,1766,1849,Tyskland,1,Reg0111970,"Schilden, se: Friccius von Schilden og Oppen-Schilden.",no HCA candidate with this birth year
20263,S.A.E. Hagen,1842,1929,Danmark,1,Reg0065000; Reg0065010,"Hagen, S. A. E. (1842–1929); Hagen, Serine Johanne Frederikke, f. Klingsey (1842–1916)",multiple HCA candidates share this surname+birth year
20272,Clementine Daubleblsky Sterneck zu Ehrenstein,,,,1,Reg0118310,"Sterneck zu Ehrenstein, Clementine Daublebsky, Friherreinde (1849–1920)",no birth year in breve-data
20283,Lang,,,Tyskland,1,Reg0081990,"Lang, Frøken",no birth year in breve-data
20290,Herman Meyer,1844,1929,Danmark,1,Reg0091210; Reg0091260; Reg0091270; Reg0091280; Reg0091290,"Meyer, se også: Mayer.; Meyer, A. J. (1838–1896); Meyer, Adolph (1871–1947); Meyer, Alfred (1806–1880); Meyer, Carl (1826–?)",no HCA candidate with this birth year
20291,Aron Henriques,1824,1908,Danmark,1,Reg0069390; Reg0069450,"Henriques, Aron R. (1824–1908); Henriques, Jeanna, f. Fürstenberg (1824–1910)",multiple HCA candidates share this surname+birth year
20300,José Martin y Rodríguez,1825,1881,Spanien,1,Reg0089590,"Martin y Rodriguez, José (ca. 1825–1881)",no HCA candidate with this birth year
20307,Wilhelm Junck,1854,,Østrig,1,Reg0076690; Reg0076700; Reg0076710,"Junck, Karl (1814/16–78); Junck, Karoline (død ca. 1891); Junck, Wilhelm",no HCA candidate with this birth year
20318,Elisabeth von Brunnow,,,Tyskland,1,Reg0043460; Reg0043470,"Brunnow, Elisabeth von, Baronesse; Brunnow, Emst Georg von, Baron (1796–1845)",no birth year in breve-data
20324,Julius Buddeus,,1873,Tyskland,1,Reg0044140,"Buddeus, Julius (død 1873)",no birth year in breve-data
20343,Marian Douglas,1842,1913,USA,1,Reg0053260; Reg0053270; Reg0053280; Reg0053290,"Douglas, Familien; Douglas, Alexander, Marquis (1811–1863); Douglas, Marie, Lady, f. Prinsesse af Baden (1817–1888); Douglas, Marian",no HCA candidate with this birth year
20347,Lafontaine,,,,1,Reg0081820,"Lafontaine, Jean de (1621–1695)",no birth year in breve-data
20348,Joseph von Huszar,,,Østrig,1,Reg0073800,"Huszar, Joseph von",no birth year in breve-data
20353,Frederica Maclean Rowan,1814,1882,,1,Reg0108030,"Rowan, Frue og Datter fra Dansk Vestindien",no HCA candidate with this birth year
20356,Carl von Wallenburg,,,Østrig,1,Reg0126580,"Wallenburg, Carl von",no birth year in breve-data
20360,Robert Degener,,,Danmark,1,Reg0051860,"Degener, Robert",no birth year in breve-data
20368,Andreas Christian Ferdinand Flinch,1813,1872,Danmark,1,Reg0057870,"Flinch, Alfred (1840–1910)",no HCA candidate with this birth year
20370,J.P. Dahl,,,Danmark,1,Reg0049830; Reg0049840; Reg0049850; Reg0049860; Reg0049870,"Dahl, Balduin (1834–1891); Dahl, Constance Maria, f. Døderlein (1817–1897); Dahl, Dagmar (1849–?); Dahl, Emma, f. Freyse-Sessi (1819–1896); Dahl, Fr. C. B. (1822–1920)",no birth year in breve-data
20371,Frederik Christian Brandt,,1839,Danmark,1,Reg0041640; Reg0041650; Reg0041660; Reg0041670; Reg0041680,"Brandt, Alexander Hans Henrik (1806–1859); Brandt, Andreas Heggelund (1846–1913); Brandt, Andreas Ludvig (1820–1882); Brandt, August Frederik (1815–1893); Brandt, Augusta Charlotte, f. Steenbuch (1821–1903)",no birth year in breve-data
20374,Ferdinand Laub,1832,1875,Tyskland,1,Reg0082840; Reg0082850; Reg0082860; Reg0082870; Reg0082880,"Laub, F. L. E. (1807–1887); Laub, Hans Jørgen Trojel (1817–1863); Laub, Johanne Justine (1844–1871); Laub, Louise Magdalene (1842–1915); Laub, Lovise Frederikke, f. Zinck (1781–1859)",no HCA candidate with this birth year
19989,Jørgen Hansen (Jøn) Koch,1861,1935,Danmark,1,Reg0079470; Reg0079480; Reg0079490; Reg0079500; Reg0079510,"Koch, G. G. (1737–1813); Koch, Christine Sophie, f. Møller (1830–1914); Koch, E. F. (1835–1911); Koch, Ellen (1862–1892); Koch, Fro Mathilde, f. Friis (1819–1905)",no HCA candidate with this birth year
20386,Johan Friedrich Bergsøe,1841,1897,Danmark,1,Reg0037090; Reg0037100,"Bergsøe, Margrethe Kirstine, f. Smidth (1844–1922); Bergsøe, Vilhelm (1835–1911)",no HCA candidate with this birth year
20387,John Moir,1766,,Skotland,1,Reg0092200,"Moir, David Macbeth (1798–1851)",no HCA candidate with this birth year
20401,David Julius Hansen,,1889,Danmark,1,Reg0065830; Reg0065870; Reg0065910; Reg0065920; Reg0065930,"Hansen (1862), se: Matthison-Hansen, Hans.; Hansen, Frøken; Hansen, Adolf (1850–1908); Hansen, Albert; Hansen, Aleth (1817–1889)",no birth year in breve-data
20409,Louise Johansson,,1894,Sverige,1,Reg0076260; Reg0076270,"Johansson, Johan (1792–1860); Johansson, Louise (død 1894)",no birth year in breve-data
20419,"Bengta, f. Andersdotter Bille",1801,1863,Danmark,1,Reg0038120; Reg0038130; Reg0038140; Reg0038150; Reg0038160,"Bille, Anna (1860–1940); Bille, C. St. A. (1828–1898); Bille, Caroline Christiane Sophie Frederikke, f. Bülow (1808–1887); Bille, Christian (1799–1853); Bille, Eleonora (1815–1907)",no HCA candidate with this birth year
19973,Thor Winther,1846,1870,Danmark,1,Reg0129780; Reg0129790,"Winther, Thor (1846–1870); Winther, Valdemar Julius (1846–1912)",multiple HCA candidates share this surname+birth year
20420,"Thora, f. Sønderskou Schmidt",1822,1909,Danmark,1,Reg0112720; Reg0112850,"Schmidt, Christian (1822–1865); Schmidt, Thora, f. Sønderskou (1822–1909)",multiple HCA candidates share this surname+birth year
20424,Fritze-Wanda Holstein-Holsteinborg,1867,1942,,1,Reg0072110; Reg0072270,"Holstein (-Holsteinborg), Christian Christoph, Greve (1856–1924); Holstein-Holsteinborg, Ludvig, Lensgreve (1815–1892)",no HCA candidate with this birth year
20426,Hansigne Borup,1820,1866,,1,Reg0040700; Reg0040710; Reg0040720; Reg0040730,"Borup, Gotthilf (1804–1879); Borup, Hansigne (død 1866, 46 år gl.); Borup, Julius Theodor (1814–1904); Borup, Marie, f. Trier (1827–1897)",no HCA candidate with this birth year
20428,Rudolph Striegler,1815,1876,Danmark,1,Reg0119080; Reg0119090,"Striegler, Julie, f. Frandsen (død 1897); Striegler, Rudolph (ca. 1815–76)",no HCA candidate with this birth year
20434,H. Norton Shaw,,1868,England,1,Reg0115110,"Shaw, H. Norton (død 1868)",no birth year in breve-data
20437,Antonie Palm-Spatzer,1823,,,1,Reg0099010,"Palm-Spatzer, Antonie (1823–?)",no HCA candidate with this birth year
20438,Frederik Due,1796,1873,Norge,1,Reg0053900; Reg0053920,"Due, Alette Wilhelmine, f. Sibbern (1812–1887); Due, Frederik Georg Knut (1833–1906)",no HCA candidate with this birth year
20443,Otto Møller,,,Danmark,1,Reg0094730; Reg0094760; Reg0094770; Reg0094790; Reg0094820,"Møller, se også: Müller.; Møller, Frøken; Møller, Frøken; Møller, Komponist, se: Lange-Müller, P. E.; Møller, Albrecht Carl Adolph From (1803–1884)",no birth year in breve-data
20448,Maria Moltke,1827,1889,Danmark,1,Reg0092520; Reg0092810; Reg0092940; Reg0093020,"Moltke, Caroline, Lensgrevinde, f. von der Maase (1827–1886); Moltke, Maria, Komtesse (1827–1889); Moltke, Sophie Isabella Lætitia, Komtesse (1827–1898); Moltke, Wilhelmine Annette Vilsentia, Komtesse (1827–1867)",multiple HCA candidates share this surname+birth year
20449,von Rosen,,,,1,Reg0106940; Reg0106950; Reg0106960; Reg0106970; Reg0106990,"Rosen, von; Rosen, von; Rosen, Adolf von, Greve (1797–1886); Rosen, Alfred von (1825–1912); Rosen, Carl von (1819–1891)",no birth year in breve-data
20451,Marie Melos,1820,1888,Tyskland,1,Reg0090900; Reg0090910,"Melos, Maria; Melos, Maria",no HCA candidate with this birth year
20454,Severine [Rine] Hundrup,1803,1873,Danmark,1,Reg0073620; Reg0073630; Reg0073640; Reg0073650,"Hundrup, Andreas (1776–1849); Hundrup, Carl Vilhelm (1807–1888); Hundrup, Ferdinand Emil (1808–1879); Hundrup, Marie Caroline, f. Nielsen (1811–1889)",no HCA candidate with this birth year
20457,H.L. Hafström,,1856,Sverige,1,Reg0064810,"Hafstrom, H. L. (død 1856)",no birth year in breve-data
20458,Francesco Ferrari,,,Italien,1,Reg0057280,"Ferrari, Francesco",no birth year in breve-data
20489,George Jerdan,1784,1849,England,1,Reg0075790; Reg0075800,"Jerdan, Mrs.; Jerdan, William (1728–1869)",no HCA candidate with this birth year
19951,Alma f. Trepka Bloch,1845,1886,Danmark,1,Reg0039370; Reg0039520,"Bloch, Alma, f. Trepka (1845–1886); Bloch, William (1845–1926)",multiple HCA candidates share this surname+birth year
20510,Charlotte Hansted,1845,,Danmark,1,Reg0066740,"Hansted, Frøken",no HCA candidate with this birth year
20522,Augusta Næboe,,1900,,1,Reg0097290,"Næboe, Augusta (død 1900, 95 år gl.)",no birth year in breve-data
20526,Sigurd Müller,1844,1918,Danmark,1,Reg0094400; Reg0094460,"Müller, Marie Louise, f. Biering (1844–1908); Müller, Sigurd (1844–1918)",multiple HCA candidates share this surname+birth year
20527,Valdemar Balle,,,,1,Reg0034070; Reg0034080; Reg0034090; Reg0034100,"Balle, Hans Peter Ovesen (1810–1879); Balle, Nancy Henriette, f. Schack (1815–1886); Balle, Nicolai Edinger (1744–1816); Balle, P. W. (1801–1873)",no birth year in breve-data
20533,"Marie Anne Christine Caroline, f. Smith Raasløff",1815,1891,,1,Reg0103590; Reg0103600,"Raasløff, Marie Anne Christine Caroline, f. Smith (1815–1891); Raasløff, Waldemar (1815–1883)",multiple HCA candidates share this surname+birth year
20535,"Emma von, f. von Wilamowitz Schwanenfeld",1800,1876,Tyskland,1,Reg0114150; Reg0114160,"Schwanenfeld, Emma von, f. von Wilamowitz (død 1876); Schwanenfeld, Friedrich von(1783–1855)",no HCA candidate with this birth year
1,H.C. Andersen,1805,1875,Danmark,0,Reg0031770; Reg0031780; Reg0031810; Reg0031820; Reg0031840,"Andersen, Brødrene, se: Andersen, F.; Andersen, Frue; Andersen, Anna; Andersen, Anna (1839–1899); Andersen, Anna Marie Charlotte (1842–?)",no HCA candidate with this birth year
